"order_id","customer_id","order_status","order_date","required_date","shipped_date","store_id","staff_id"
1,259,4,"20,160,101","20,160,103","20,160,103",1,2
2,1212,4,"20,160,101","20,160,104","20,160,103",2,6
3,523,4,"20,160,102","20,160,105","20,160,103",2,7
4,175,4,"20,160,103","20,160,104","20,160,105",1,3
5,1324,4,"20,160,103","20,160,106","20,160,106",2,6
6,94,4,"20,160,104","20,160,107","20,160,105",2,6
7,324,4,"20,160,104","20,160,107","20,160,105",2,6
8,1204,4,"20,160,104","20,160,105","20,160,105",2,7
9,60,4,"20,160,105","20,160,108","20,160,108",1,2
10,442,4,"20,160,105","20,160,106","20,160,106",2,6
11,1326,4,"20,160,105","20,160,108","20,160,107",2,7
12,91,4,"20,160,106","20,160,108","20,160,109",1,2
13,873,4,"20,160,108","20,160,111","20,160,111",2,6
14,258,4,"20,160,109","20,160,111","20,160,112",1,3
15,450,4,"20,160,109","20,160,110","20,160,112",2,7
16,552,4,"20,160,112","20,160,115","20,160,115",1,3
17,1175,4,"20,160,112","20,160,114","20,160,114",1,3
18,541,4,"20,160,114","20,160,117","20,160,115",1,3
19,696,4,"20,160,114","20,160,117","20,160,116",1,2
20,923,4,"20,160,114","20,160,116","20,160,117",1,2
21,1250,4,"20,160,115","20,160,116","20,160,118",2,6
22,1035,4,"20,160,116","20,160,118","20,160,117",1,2
23,1149,4,"20,160,116","20,160,119","20,160,119",1,2
24,636,4,"20,160,118","20,160,120","20,160,119",2,7
25,657,4,"20,160,118","20,160,121","20,160,121",2,6
26,1280,4,"20,160,118","20,160,121","20,160,119",2,7
27,57,4,"20,160,119","20,160,121","20,160,120",2,7
28,252,4,"20,160,119","20,160,120","20,160,121",2,6
29,437,4,"20,160,120","20,160,122","20,160,121",2,6
30,1348,4,"20,160,120","20,160,121","20,160,121",2,6
31,1238,4,"20,160,120","20,160,122","20,160,122",3,8
32,1259,4,"20,160,121","20,160,124","20,160,122",1,3
33,236,4,"20,160,121","20,160,122","20,160,122",2,6
34,80,4,"20,160,122","20,160,125","20,160,123",2,6
35,813,4,"20,160,122","20,160,125","20,160,124",2,7
36,1321,4,"20,160,123","20,160,124","20,160,124",2,6
37,164,4,"20,160,125","20,160,128","20,160,126",2,6
38,583,4,"20,160,125","20,160,127","20,160,126",2,7
39,1296,4,"20,160,125","20,160,126","20,160,126",2,7
40,348,4,"20,160,127","20,160,128","20,160,129",1,3
41,979,4,"20,160,127","20,160,130","20,160,129",2,6
42,1095,4,"20,160,127","20,160,128","20,160,130",2,7
43,1434,4,"20,160,127","20,160,128","20,160,130",2,7
44,861,4,"20,160,128","20,160,131","20,160,130",2,7
45,1220,4,"20,160,128","20,160,131","20,160,131",2,7
46,746,4,"20,160,129","20,160,131","20,160,131",2,7
47,1234,4,"20,160,129","20,160,130","20,160,131",2,7
48,1012,4,"20,160,130","20,160,201","20,160,202",2,7
49,608,4,"20,160,131","20,160,201","20,160,202",2,6
50,872,4,"20,160,131","20,160,203","20,160,202",3,8
51,1047,4,"20,160,201","20,160,202","20,160,203",2,7
52,767,4,"20,160,203","20,160,204","20,160,205",1,2
53,965,4,"20,160,203","20,160,204","20,160,205",2,6
54,535,4,"20,160,204","20,160,207","20,160,207",2,7
55,1173,4,"20,160,204","20,160,207","20,160,206",2,6
56,1241,4,"20,160,204","20,160,206","20,160,207",2,6
57,1305,4,"20,160,204","20,160,206","20,160,206",2,7
58,504,4,"20,160,205","20,160,207","20,160,207",2,6
59,563,4,"20,160,205","20,160,207","20,160,206",2,7
60,151,4,"20,160,206","20,160,208","20,160,207",1,3
61,277,4,"20,160,206","20,160,209","20,160,209",2,7
62,208,4,"20,160,207","20,160,210","20,160,210",1,2
63,1075,4,"20,160,207","20,160,209","20,160,209",2,7
64,1185,4,"20,160,207","20,160,208","20,160,209",2,6
65,996,4,"20,160,208","20,160,209","20,160,211",2,6
66,1253,4,"20,160,209","20,160,212","20,160,212",2,7
67,526,4,"20,160,209","20,160,211","20,160,210",3,8
68,381,4,"20,160,210","20,160,211","20,160,213",2,6
69,1413,4,"20,160,210","20,160,212","20,160,211",2,7
70,50,3,"20,160,211","20,160,211",,3,9
71,797,4,"20,160,211","20,160,214","20,160,212",2,7
72,1386,4,"20,160,212","20,160,215","20,160,213",1,2
73,612,4,"20,160,212","20,160,215","20,160,214",2,7
74,264,4,"20,160,213","20,160,215","20,160,215",2,7
75,587,4,"20,160,214","20,160,215","20,160,217",2,6
76,9,3,"20,160,216","20,160,216",,2,6
77,385,4,"20,160,216","20,160,219","20,160,219",1,2
78,1182,4,"20,160,216","20,160,218","20,160,219",2,7
79,529,4,"20,160,217","20,160,220","20,160,220",1,3
80,397,4,"20,160,217","20,160,220","20,160,219",2,6
81,521,4,"20,160,217","20,160,219","20,160,218",2,6
82,1223,4,"20,160,218","20,160,221","20,160,220",2,6
83,393,4,"20,160,219","20,160,220","20,160,220",1,3
84,317,4,"20,160,220","20,160,222","20,160,221",2,7
85,1174,4,"20,160,220","20,160,223","20,160,221",2,7
86,276,4,"20,160,221","20,160,222","20,160,223",2,7
87,516,4,"20,160,221","20,160,222","20,160,223",2,6
88,1069,4,"20,160,221","20,160,222","20,160,223",2,6
89,668,4,"20,160,221","20,160,224","20,160,224",3,8
90,414,4,"20,160,223","20,160,225","20,160,224",2,7
91,648,4,"20,160,225","20,160,227","20,160,228",1,2
92,1309,4,"20,160,225","20,160,228","20,160,228",2,7
93,1328,4,"20,160,226","20,160,228","20,160,227",1,3
94,929,4,"20,160,227","20,160,228","20,160,229",1,2
95,218,4,"20,160,227","20,160,229","20,160,228",2,7
96,1094,4,"20,160,227","20,160,229","20,160,228",2,7
97,204,4,"20,160,228","20,160,229","20,160,301",2,7
98,1194,4,"20,160,228","20,160,229","20,160,229",2,6
99,1165,4,"20,160,229","20,160,301","20,160,303",3,9
100,1237,4,"20,160,301","20,160,304","20,160,303",2,7
101,271,4,"20,160,301","20,160,304","20,160,304",3,8
102,336,4,"20,160,302","20,160,305","20,160,303",2,7
103,991,4,"20,160,303","20,160,306","20,160,305",1,2
104,7,4,"20,160,303","20,160,305","20,160,305",2,7
105,306,4,"20,160,303","20,160,305","20,160,304",2,7
106,422,4,"20,160,304","20,160,305","20,160,305",3,9
107,633,4,"20,160,306","20,160,309","20,160,309",1,2
108,12,4,"20,160,306","20,160,309","20,160,307",2,6
109,1255,4,"20,160,306","20,160,309","20,160,309",2,6
110,677,4,"20,160,306","20,160,308","20,160,309",3,9
111,630,4,"20,160,307","20,160,310","20,160,310",2,6
112,469,4,"20,160,308","20,160,311","20,160,310",2,6
113,1078,4,"20,160,308","20,160,311","20,160,311",2,6
114,1431,4,"20,160,308","20,160,310","20,160,311",2,7
115,1369,4,"20,160,309","20,160,311","20,160,311",2,7
116,471,4,"20,160,310","20,160,311","20,160,311",2,7
117,740,4,"20,160,310","20,160,313","20,160,311",2,6
118,577,4,"20,160,312","20,160,314","20,160,313",1,2
119,925,4,"20,160,312","20,160,314","20,160,314",2,7
120,327,4,"20,160,314","20,160,315","20,160,317",2,7
121,755,4,"20,160,314","20,160,315","20,160,316",2,6
122,786,4,"20,160,314","20,160,316","20,160,315",2,6
123,766,4,"20,160,315","20,160,318","20,160,317",2,6
124,403,4,"20,160,316","20,160,318","20,160,317",1,3
125,685,4,"20,160,316","20,160,319","20,160,317",2,6
126,1365,4,"20,160,316","20,160,318","20,160,318",2,7
127,484,4,"20,160,317","20,160,318","20,160,319",3,8
128,86,4,"20,160,318","20,160,320","20,160,321",2,6
129,84,4,"20,160,319","20,160,321","20,160,321",2,7
130,1049,4,"20,160,319","20,160,322","20,160,320",2,6
131,316,4,"20,160,319","20,160,322","20,160,320",3,8
132,46,4,"20,160,320","20,160,322","20,160,323",1,3
133,409,4,"20,160,320","20,160,322","20,160,321",2,7
134,679,4,"20,160,320","20,160,321","20,160,321",2,7
135,1354,4,"20,160,321","20,160,323","20,160,323",2,7
136,1192,4,"20,160,321","20,160,324","20,160,323",3,8
137,370,4,"20,160,323","20,160,326","20,160,325",2,7
138,438,4,"20,160,323","20,160,324","20,160,325",2,7
139,710,4,"20,160,323","20,160,324","20,160,326",2,7
140,1264,4,"20,160,323","20,160,326","20,160,326",2,7
141,557,4,"20,160,325","20,160,327","20,160,326",2,7
142,170,4,"20,160,326","20,160,327","20,160,327",1,3
143,693,4,"20,160,326","20,160,328","20,160,328",2,7
144,1124,4,"20,160,326","20,160,329","20,160,329",2,7
145,366,4,"20,160,327","20,160,329","20,160,330",2,6
146,288,4,"20,160,328","20,160,330","20,160,330",1,3
147,55,4,"20,160,328","20,160,331","20,160,331",2,7
148,714,4,"20,160,328","20,160,330","20,160,330",2,6
149,763,4,"20,160,328","20,160,330","20,160,329",2,6
150,332,4,"20,160,329","20,160,331","20,160,401",1,2
151,926,4,"20,160,329","20,160,401","20,160,331",1,2
152,76,4,"20,160,329","20,160,330","20,160,330",2,6
153,498,4,"20,160,330","20,160,402","20,160,401",2,6
154,1286,4,"20,160,331","20,160,401","20,160,401",1,2
155,371,4,"20,160,402","20,160,403","20,160,404",2,6
156,357,4,"20,160,403","20,160,406","20,160,405",1,3
157,43,4,"20,160,403","20,160,406","20,160,406",3,8
158,117,3,"20,160,404","20,160,404",,3,9
159,32,4,"20,160,404","20,160,406","20,160,406",1,2
160,205,4,"20,160,404","20,160,406","20,160,406",2,7
161,251,4,"20,160,404","20,160,407","20,160,405",2,7
162,31,4,"20,160,406","20,160,408","20,160,407",1,3
163,1325,4,"20,160,406","20,160,407","20,160,407",2,7
164,610,4,"20,160,407","20,160,408","20,160,409",2,7
165,574,4,"20,160,408","20,160,410","20,160,410",1,3
166,338,4,"20,160,408","20,160,411","20,160,411",2,6
167,1034,4,"20,160,408","20,160,409","20,160,411",2,7
168,1147,4,"20,160,409","20,160,412","20,160,411",1,3
169,99,4,"20,160,410","20,160,411","20,160,411",2,7
170,1200,4,"20,160,410","20,160,411","20,160,413",2,7
171,237,4,"20,160,411","20,160,414","20,160,414",1,3
172,1079,4,"20,160,411","20,160,412","20,160,414",2,7
173,117,4,"20,160,411","20,160,414","20,160,413",3,8
174,1361,4,"20,160,412","20,160,413","20,160,415",2,7
175,951,4,"20,160,413","20,160,414","20,160,414",2,6
176,643,4,"20,160,415","20,160,416","20,160,417",2,7
177,121,4,"20,160,416","20,160,419","20,160,419",1,2
178,756,4,"20,160,416","20,160,417","20,160,418",2,6
179,616,4,"20,160,417","20,160,419","20,160,419",2,6
180,918,4,"20,160,417","20,160,420","20,160,419",2,7
181,459,4,"20,160,418","20,160,420","20,160,420",1,3
182,854,4,"20,160,418","20,160,419","20,160,420",2,6
183,22,4,"20,160,419","20,160,420","20,160,420",2,7
184,134,4,"20,160,419","20,160,421","20,160,422",2,7
185,24,3,"20,160,420","20,160,420",,1,2
186,1127,4,"20,160,421","20,160,422","20,160,424",2,6
187,183,4,"20,160,422","20,160,423","20,160,424",2,6
188,390,4,"20,160,422","20,160,423","20,160,425",2,6
189,1288,4,"20,160,423","20,160,424","20,160,426",1,2
190,98,4,"20,160,423","20,160,425","20,160,425",2,6
191,919,4,"20,160,427","20,160,428","20,160,428",1,2
192,728,4,"20,160,427","20,160,428","20,160,429",2,7
193,1366,4,"20,160,428","20,160,430","20,160,430",1,3
194,558,4,"20,160,428","20,160,430","20,160,501",2,7
195,727,4,"20,160,428","20,160,501","20,160,501",2,7
196,1247,4,"20,160,428","20,160,430","20,160,501",2,6
197,127,4,"20,160,430","20,160,503","20,160,503",2,7
198,640,4,"20,160,501","20,160,504","20,160,503",2,6
199,760,4,"20,160,501","20,160,504","20,160,504",2,7
200,1074,4,"20,160,501","20,160,503","20,160,503",2,6
201,280,4,"20,160,501","20,160,504","20,160,502",3,9
202,600,4,"20,160,503","20,160,505","20,160,504",1,2
203,1102,4,"20,160,503","20,160,505","20,160,506",3,9
204,591,4,"20,160,504","20,160,507","20,160,506",2,7
205,635,4,"20,160,504","20,160,505","20,160,506",2,6
206,743,4,"20,160,504","20,160,506","20,160,505",3,9
207,105,4,"20,160,505","20,160,507","20,160,507",2,7
208,815,4,"20,160,506","20,160,507","20,160,509",2,7
209,514,4,"20,160,507","20,160,508","20,160,508",2,6
210,943,4,"20,160,507","20,160,508","20,160,509",2,6
211,1140,4,"20,160,507","20,160,509","20,160,508",2,6
212,1373,4,"20,160,508","20,160,509","20,160,511",2,6
213,788,4,"20,160,508","20,160,509","20,160,509",3,8
214,363,4,"20,160,510","20,160,512","20,160,511",2,6
215,1420,4,"20,160,510","20,160,513","20,160,512",2,7
216,267,4,"20,160,511","20,160,514","20,160,513",1,3
217,716,4,"20,160,511","20,160,512","20,160,514",2,7
218,1179,4,"20,160,512","20,160,514","20,160,514",2,7
219,1338,4,"20,160,512","20,160,515","20,160,515",2,6
220,1358,4,"20,160,512","20,160,514","20,160,515",2,6
221,1218,4,"20,160,513","20,160,516","20,160,514",1,2
222,51,4,"20,160,513","20,160,516","20,160,514",2,6
223,1368,4,"20,160,515","20,160,516","20,160,517",2,7
224,157,4,"20,160,517","20,160,518","20,160,519",1,3
225,307,4,"20,160,517","20,160,520","20,160,519",1,3
226,501,4,"20,160,517","20,160,519","20,160,520",1,2
227,489,4,"20,160,517","20,160,518","20,160,520",2,7
228,615,4,"20,160,517","20,160,520","20,160,520",2,7
229,742,4,"20,160,519","20,160,521","20,160,520",2,6
230,1167,4,"20,160,519","20,160,520","20,160,521",2,6
231,1257,4,"20,160,519","20,160,522","20,160,521",2,6
232,1360,4,"20,160,520","20,160,523","20,160,523",1,3
233,737,4,"20,160,521","20,160,522","20,160,524",2,6
234,1435,4,"20,160,522","20,160,524","20,160,524",2,6
235,649,4,"20,160,524","20,160,525","20,160,525",2,6
236,206,4,"20,160,525","20,160,527","20,160,526",2,6
237,1351,4,"20,160,525","20,160,526","20,160,527",2,7
238,1350,4,"20,160,526","20,160,529","20,160,529",2,6
239,13,3,"20,160,527","20,160,527",,3,9
240,65,4,"20,160,527","20,160,529","20,160,530",2,6
241,1082,4,"20,160,527","20,160,529","20,160,529",2,7
242,1168,4,"20,160,527","20,160,530","20,160,530",2,7
243,802,4,"20,160,527","20,160,530","20,160,528",3,8
244,956,4,"20,160,528","20,160,529","20,160,529",2,6
245,223,4,"20,160,529","20,160,531","20,160,530",2,7
246,17,3,"20,160,530","20,160,530",,2,6
247,928,4,"20,160,530","20,160,601","20,160,601",1,3
248,1376,4,"20,160,530","20,160,601","20,160,531",2,7
249,145,4,"20,160,601","20,160,604","20,160,604",2,6
250,150,4,"20,160,601","20,160,602","20,160,604",2,7
251,851,4,"20,160,601","20,160,604","20,160,604",2,7
252,66,4,"20,160,601","20,160,604","20,160,602",3,8
253,1267,4,"20,160,602","20,160,605","20,160,605",2,6
254,510,4,"20,160,603","20,160,606","20,160,605",2,7
255,801,4,"20,160,603","20,160,606","20,160,605",2,7
256,26,4,"20,160,604","20,160,605","20,160,607",2,7
257,1314,4,"20,160,605","20,160,606","20,160,608",1,3
258,107,4,"20,160,606","20,160,607","20,160,607",2,7
259,413,4,"20,160,606","20,160,609","20,160,609",2,7
260,632,4,"20,160,606","20,160,608","20,160,608",2,6
261,1045,4,"20,160,608","20,160,610","20,160,609",1,2
262,579,4,"20,160,608","20,160,611","20,160,610",3,9
263,1322,4,"20,160,609","20,160,610","20,160,612",2,6
264,5,3,"20,160,610","20,160,610",,1,3
265,682,4,"20,160,610","20,160,612","20,160,611",2,7
266,933,4,"20,160,610","20,160,613","20,160,613",2,7
267,282,4,"20,160,611","20,160,614","20,160,614",1,3
268,540,4,"20,160,611","20,160,614","20,160,612",1,3
269,764,4,"20,160,612","20,160,613","20,160,615",2,6
270,879,4,"20,160,612","20,160,615","20,160,613",2,7
271,350,4,"20,160,613","20,160,616","20,160,614",2,7
272,497,4,"20,160,615","20,160,618","20,160,616",2,7
273,1340,4,"20,160,616","20,160,619","20,160,617",2,7
274,411,4,"20,160,617","20,160,620","20,160,618",2,7
275,1341,4,"20,160,617","20,160,619","20,160,618",2,7
276,1227,4,"20,160,618","20,160,619","20,160,619",2,6
277,546,4,"20,160,619","20,160,620","20,160,620",2,7
278,1301,4,"20,160,620","20,160,623","20,160,621",1,3
279,378,4,"20,160,621","20,160,622","20,160,622",2,6
280,638,4,"20,160,621","20,160,622","20,160,623",2,7
281,800,4,"20,160,621","20,160,622","20,160,623",2,7
282,159,4,"20,160,622","20,160,625","20,160,625",3,9
283,181,4,"20,160,623","20,160,626","20,160,626",1,2
284,1356,4,"20,160,623","20,160,625","20,160,625",2,7
285,319,4,"20,160,625","20,160,626","20,160,627",1,2
286,59,4,"20,160,625","20,160,626","20,160,626",2,6
287,133,4,"20,160,625","20,160,626","20,160,627",2,6
288,780,4,"20,160,625","20,160,628","20,160,628",2,6
289,849,4,"20,160,627","20,160,628","20,160,630",2,6
290,202,4,"20,160,628","20,160,629","20,160,630",2,6
291,158,4,"20,160,629","20,160,630","20,160,701",2,6
292,360,4,"20,160,629","20,160,630","20,160,702",3,9
293,573,4,"20,160,630","20,160,703","20,160,702",2,7
294,732,4,"20,160,701","20,160,702","20,160,702",2,7
295,1130,4,"20,160,701","20,160,704","20,160,704",2,7
296,1245,4,"20,160,704","20,160,707","20,160,706",2,6
297,1425,4,"20,160,704","20,160,705","20,160,706",2,7
298,885,4,"20,160,704","20,160,707","20,160,707",3,9
299,281,4,"20,160,705","20,160,706","20,160,707",2,6
300,1205,4,"20,160,705","20,160,708","20,160,708",2,6
301,17,4,"20,160,706","20,160,709","20,160,708",2,6
302,1375,4,"20,160,706","20,160,707","20,160,709",2,6
303,36,4,"20,160,707","20,160,708","20,160,709",2,7
304,230,4,"20,160,707","20,160,708","20,160,708",2,6
305,705,4,"20,160,707","20,160,708","20,160,708",2,7
306,424,4,"20,160,709","20,160,710","20,160,712",2,7
307,695,4,"20,160,709","20,160,711","20,160,711",2,6
308,156,4,"20,160,711","20,160,712","20,160,714",2,6
309,211,4,"20,160,711","20,160,713","20,160,713",2,6
310,627,4,"20,160,712","20,160,713","20,160,713",1,2
311,1400,4,"20,160,712","20,160,714","20,160,713",2,6
312,299,4,"20,160,713","20,160,715","20,160,716",2,6
313,565,4,"20,160,714","20,160,715","20,160,715",3,9
314,1019,4,"20,160,715","20,160,717","20,160,717",2,7
315,1263,4,"20,160,716","20,160,719","20,160,717",2,6
316,670,4,"20,160,717","20,160,720","20,160,719",2,7
317,795,4,"20,160,717","20,160,720","20,160,719",2,7
318,1141,4,"20,160,717","20,160,719","20,160,720",2,7
319,941,4,"20,160,718","20,160,721","20,160,721",2,6
320,1428,4,"20,160,719","20,160,720","20,160,721",1,2
321,568,4,"20,160,719","20,160,722","20,160,721",2,6
322,924,4,"20,160,719","20,160,722","20,160,720",2,6
323,1243,4,"20,160,719","20,160,722","20,160,721",2,6
324,480,4,"20,160,720","20,160,722","20,160,723",2,6
325,848,4,"20,160,720","20,160,721","20,160,721",2,6
326,1337,4,"20,160,720","20,160,721","20,160,722",3,9
327,83,4,"20,160,721","20,160,724","20,160,722",2,6
328,528,4,"20,160,723","20,160,726","20,160,725",2,6
329,274,4,"20,160,724","20,160,727","20,160,726",2,6
330,622,4,"20,160,724","20,160,727","20,160,727",2,6
331,642,4,"20,160,724","20,160,726","20,160,725",2,6
332,659,4,"20,160,724","20,160,726","20,160,726",2,7
333,779,4,"20,160,725","20,160,727","20,160,726",2,6
334,1112,4,"20,160,725","20,160,728","20,160,727",2,7
335,1193,4,"20,160,725","20,160,727","20,160,726",2,6
336,1030,4,"20,160,726","20,160,729","20,160,727",2,7
337,1252,4,"20,160,726","20,160,727","20,160,728",2,7
338,1333,4,"20,160,728","20,160,729","20,160,730",1,3
339,1110,4,"20,160,728","20,160,731","20,160,729",2,7
340,963,4,"20,160,729","20,160,730","20,160,731",2,7
341,1357,4,"20,160,731","20,160,803","20,160,801",1,3
342,806,4,"20,160,731","20,160,801","20,160,803",2,7
343,961,4,"20,160,731","20,160,802","20,160,801",2,7
344,750,4,"20,160,801","20,160,803","20,160,802",2,6
345,1299,4,"20,160,801","20,160,804","20,160,803",2,6
346,584,4,"20,160,801","20,160,803","20,160,802",3,9
347,1004,4,"20,160,802","20,160,803","20,160,805",2,6
348,907,4,"20,160,802","20,160,805","20,160,804",3,9
349,30,3,"20,160,803","20,160,803",,1,3
350,31,3,"20,160,803","20,160,803",,1,3
351,1307,4,"20,160,803","20,160,806","20,160,804",1,2
352,16,4,"20,160,803","20,160,804","20,160,806",2,7
353,1387,4,"20,160,803","20,160,806","20,160,806",2,7
354,551,4,"20,160,803","20,160,805","20,160,806",3,8
355,1011,4,"20,160,803","20,160,805","20,160,805",3,8
356,1189,4,"20,160,804","20,160,807","20,160,806",2,6
357,14,3,"20,160,805","20,160,805",,3,8
358,1042,4,"20,160,805","20,160,807","20,160,807",2,7
359,441,4,"20,160,807","20,160,810","20,160,810",2,7
360,1300,4,"20,160,807","20,160,809","20,160,810",2,6
361,994,4,"20,160,808","20,160,809","20,160,811",2,6
362,187,4,"20,160,809","20,160,811","20,160,811",1,2
363,834,4,"20,160,811","20,160,812","20,160,813",3,8
364,373,4,"20,160,812","20,160,814","20,160,813",2,6
365,981,4,"20,160,813","20,160,814","20,160,815",2,6
366,1054,4,"20,160,813","20,160,814","20,160,814",3,9
367,527,4,"20,160,814","20,160,815","20,160,815",2,7
368,995,4,"20,160,814","20,160,815","20,160,817",2,7
369,1285,4,"20,160,815","20,160,818","20,160,818",1,3
370,758,4,"20,160,815","20,160,818","20,160,818",2,7
371,891,4,"20,160,815","20,160,816","20,160,818",2,7
372,132,4,"20,160,816","20,160,818","20,160,818",2,6
373,337,4,"20,160,816","20,160,819","20,160,817",2,7
374,1313,4,"20,160,817","20,160,819","20,160,818",1,2
375,536,4,"20,160,817","20,160,820","20,160,820",2,7
376,825,4,"20,160,817","20,160,819","20,160,818",2,6
377,1355,4,"20,160,817","20,160,819","20,160,820",2,6
378,475,4,"20,160,817","20,160,820","20,160,820",3,9
379,954,4,"20,160,818","20,160,821","20,160,821",2,7
380,1156,4,"20,160,819","20,160,820","20,160,821",2,7
381,1297,4,"20,160,819","20,160,821","20,160,821",2,7
382,199,4,"20,160,820","20,160,823","20,160,823",2,6
383,331,4,"20,160,820","20,160,823","20,160,822",2,7
384,410,4,"20,160,820","20,160,822","20,160,823",2,7
385,1274,4,"20,160,820","20,160,823","20,160,822",2,7
386,1362,4,"20,160,820","20,160,823","20,160,823",2,6
387,451,4,"20,160,820","20,160,821","20,160,821",3,8
388,1080,4,"20,160,821","20,160,824","20,160,823",3,8
389,53,4,"20,160,822","20,160,824","20,160,825",1,3
390,576,4,"20,160,822","20,160,824","20,160,825",3,9
391,61,3,"20,160,823","20,160,823",,3,9
392,176,4,"20,160,823","20,160,826","20,160,824",1,3
393,368,4,"20,160,825","20,160,826","20,160,827",2,6
394,522,4,"20,160,826","20,160,828","20,160,829",1,3
395,144,4,"20,160,826","20,160,827","20,160,829",2,6
396,542,4,"20,160,827","20,160,830","20,160,829",2,6
397,1437,4,"20,160,828","20,160,831","20,160,829",2,7
398,447,4,"20,160,829","20,160,830","20,160,901",1,2
399,1001,4,"20,160,829","20,160,901","20,160,901",2,7
400,1295,4,"20,160,829","20,160,830","20,160,831",2,6
401,103,4,"20,160,830","20,160,902","20,160,901",2,6
402,1335,4,"20,160,830","20,160,901","20,160,831",2,6
403,578,4,"20,160,831","20,160,901","20,160,902",1,3
404,396,4,"20,160,831","20,160,903","20,160,901",2,7
405,603,4,"20,160,831","20,160,901","20,160,901",2,6
406,1380,4,"20,160,831","20,160,902","20,160,901",2,7
407,77,3,"20,160,901","20,160,901",,3,8
408,1071,4,"20,160,901","20,160,902","20,160,902",1,2
409,416,4,"20,160,901","20,160,904","20,160,904",2,7
410,1151,4,"20,160,901","20,160,903","20,160,902",2,6
411,261,4,"20,160,902","20,160,904","20,160,904",1,3
412,1202,4,"20,160,902","20,160,904","20,160,904",1,3
413,717,4,"20,160,902","20,160,905","20,160,903",2,6
414,917,4,"20,160,903","20,160,906","20,160,906",2,7
415,1265,4,"20,160,903","20,160,906","20,160,906",2,7
416,1377,4,"20,160,903","20,160,904","20,160,906",2,7
417,359,4,"20,160,904","20,160,905","20,160,906",1,3
418,88,4,"20,160,904","20,160,905","20,160,905",2,6
419,14,4,"20,160,904","20,160,907","20,160,906",3,8
420,72,4,"20,160,905","20,160,906","20,160,907",1,3
421,240,4,"20,160,905","20,160,906","20,160,908",1,3
422,398,4,"20,160,906","20,160,907","20,160,909",2,6
423,1397,4,"20,160,906","20,160,909","20,160,909",2,7
424,67,4,"20,160,908","20,160,911","20,160,911",1,3
425,843,4,"20,160,908","20,160,911","20,160,911",2,6
426,944,4,"20,160,908","20,160,910","20,160,910",2,6
427,434,4,"20,160,909","20,160,910","20,160,911",1,2
428,1039,4,"20,160,909","20,160,912","20,160,910",2,6
429,153,4,"20,160,910","20,160,912","20,160,912",3,8
430,272,4,"20,160,911","20,160,913","20,160,912",2,6
431,1217,4,"20,160,911","20,160,912","20,160,912",2,6
432,169,4,"20,160,912","20,160,915","20,160,914",1,2
433,1062,4,"20,160,912","20,160,915","20,160,913",2,6
434,726,4,"20,160,913","20,160,915","20,160,914",2,6
435,77,4,"20,160,914","20,160,915","20,160,916",3,9
436,791,4,"20,160,916","20,160,919","20,160,919",2,7
437,1085,4,"20,160,916","20,160,918","20,160,918",2,7
438,314,4,"20,160,916","20,160,919","20,160,918",3,8
439,149,4,"20,160,917","20,160,920","20,160,918",2,6
440,882,4,"20,160,917","20,160,918","20,160,919",2,7
441,704,4,"20,160,918","20,160,919","20,160,919",1,2
442,667,4,"20,160,918","20,160,921","20,160,921",2,7
443,1371,4,"20,160,918","20,160,919","20,160,920",2,6
444,30,4,"20,160,919","20,160,920","20,160,921",1,2
445,362,4,"20,160,919","20,160,922","20,160,922",2,6
446,399,4,"20,160,919","20,160,921","20,160,920",2,7
447,808,4,"20,160,920","20,160,923","20,160,922",3,8
448,101,4,"20,160,921","20,160,922","20,160,924",2,6
449,492,4,"20,160,921","20,160,924","20,160,922",2,7
450,575,4,"20,160,921","20,160,924","20,160,923",2,7
451,1146,4,"20,160,921","20,160,923","20,160,922",2,7
452,997,4,"20,160,922","20,160,923","20,160,924",2,7
453,1028,4,"20,160,922","20,160,924","20,160,925",2,7
454,988,4,"20,160,923","20,160,925","20,160,926",2,6
455,1055,4,"20,160,923","20,160,924","20,160,924",2,7
456,1061,4,"20,160,923","20,160,926","20,160,925",3,9
457,1349,4,"20,160,924","20,160,927","20,160,927",1,3
458,197,4,"20,160,925","20,160,928","20,160,926",2,6
459,874,4,"20,160,925","20,160,928","20,160,926",2,6
460,691,4,"20,160,925","20,160,927","20,160,926",3,8
461,853,4,"20,160,926","20,160,927","20,160,927",2,7
462,852,4,"20,160,927","20,160,928","20,160,929",2,6
463,964,4,"20,160,927","20,160,928","20,160,928",3,8
464,74,4,"20,160,928","20,160,930","20,160,929",2,7
465,1198,4,"20,160,928","20,161,001","20,161,001",2,6
466,1440,4,"20,160,928","20,160,929","20,161,001",2,7
467,555,4,"20,160,928","20,160,930","20,160,930",3,8
468,1261,4,"20,160,929","20,161,002","20,160,930",1,3
469,1089,4,"20,160,929","20,161,002","20,161,002",2,7
470,641,4,"20,160,930","20,161,002","20,161,002",1,3
471,697,4,"20,160,930","20,161,002","20,161,001",1,3
472,468,4,"20,160,930","20,161,001","20,161,001",2,7
473,549,4,"20,160,930","20,161,002","20,161,003",2,7
474,553,4,"20,161,001","20,161,004","20,161,004",1,3
475,241,4,"20,161,001","20,161,004","20,161,003",2,7
476,559,4,"20,161,001","20,161,004","20,161,002",2,6
477,449,4,"20,161,002","20,161,005","20,161,004",1,2
478,304,4,"20,161,002","20,161,005","20,161,003",2,7
479,984,4,"20,161,003","20,161,004","20,161,004",2,6
480,686,4,"20,161,004","20,161,007","20,161,005",1,3
481,481,4,"20,161,004","20,161,007","20,161,006",3,9
482,513,4,"20,161,005","20,161,006","20,161,006",2,6
483,703,4,"20,161,006","20,161,007","20,161,009",1,2
484,421,4,"20,161,006","20,161,009","20,161,007",2,7
485,465,4,"20,161,006","20,161,008","20,161,007",2,7
486,709,4,"20,161,006","20,161,008","20,161,009",2,7
487,827,4,"20,161,006","20,161,009","20,161,009",2,6
488,921,4,"20,161,006","20,161,009","20,161,008",2,6
489,899,4,"20,161,006","20,161,008","20,161,008",3,8
490,876,4,"20,161,007","20,161,010","20,161,009",2,6
491,1048,4,"20,161,008","20,161,010","20,161,011",1,2
492,191,4,"20,161,009","20,161,010","20,161,012",1,2
493,796,4,"20,161,009","20,161,012","20,161,011",1,3
494,875,4,"20,161,009","20,161,010","20,161,011",2,6
495,712,4,"20,161,010","20,161,012","20,161,013",1,3
496,193,4,"20,161,010","20,161,012","20,161,011",2,6
497,785,4,"20,161,010","20,161,011","20,161,011",2,6
498,1331,4,"20,161,010","20,161,012","20,161,011",2,6
499,260,4,"20,161,011","20,161,014","20,161,013",1,2
500,148,4,"20,161,011","20,161,012","20,161,013",2,6
501,977,4,"20,161,011","20,161,012","20,161,013",2,7
502,401,4,"20,161,012","20,161,013","20,161,013",3,9
503,932,4,"20,161,013","20,161,016","20,161,014",2,6
504,1381,4,"20,161,014","20,161,015","20,161,015",1,2
505,721,4,"20,161,014","20,161,016","20,161,017",2,6
506,831,4,"20,161,014","20,161,016","20,161,016",2,6
507,1378,4,"20,161,015","20,161,017","20,161,017",1,3
508,1359,4,"20,161,015","20,161,018","20,161,018",2,6
509,235,4,"20,161,016","20,161,017","20,161,017",2,7
510,586,4,"20,161,017","20,161,018","20,161,018",2,7
511,377,4,"20,161,018","20,161,020","20,161,019",2,7
512,8,4,"20,161,019","20,161,022","20,161,020",2,7
513,155,4,"20,161,019","20,161,021","20,161,021",2,6
514,927,4,"20,161,019","20,161,021","20,161,020",2,7
515,986,4,"20,161,019","20,161,020","20,161,022",2,6
516,111,4,"20,161,021","20,161,023","20,161,024",2,6
517,613,4,"20,161,021","20,161,022","20,161,024",2,6
518,1374,4,"20,161,022","20,161,024","20,161,025",1,2
519,54,4,"20,161,022","20,161,023","20,161,024",2,7
520,639,4,"20,161,023","20,161,026","20,161,024",2,7
521,664,4,"20,161,023","20,161,025","20,161,025",2,6
522,724,4,"20,161,023","20,161,024","20,161,024",2,7
523,1056,4,"20,161,024","20,161,026","20,161,027",2,6
524,569,4,"20,161,025","20,161,026","20,161,027",1,2
525,1315,4,"20,161,026","20,161,028","20,161,029",1,3
526,1096,4,"20,161,026","20,161,028","20,161,028",2,6
527,506,4,"20,161,027","20,161,029","20,161,028",1,2
528,676,4,"20,161,028","20,161,031","20,161,031",2,7
529,753,4,"20,161,028","20,161,030","20,161,031",2,7
530,773,4,"20,161,028","20,161,031","20,161,031",2,6
531,116,4,"20,161,028","20,161,029","20,161,030",3,8
532,817,4,"20,161,029","20,161,031","20,161,030",2,7
533,1334,4,"20,161,029","20,161,101","20,161,101",2,6
534,1406,4,"20,161,029","20,161,030","20,161,031",2,7
535,835,4,"20,161,029","20,161,031","20,161,101",3,9
536,759,4,"20,161,031","20,161,102","20,161,101",1,3
537,1353,4,"20,161,031","20,161,101","20,161,103",1,2
538,341,4,"20,161,102","20,161,105","20,161,105",2,6
539,1144,4,"20,161,102","20,161,104","20,161,103",2,7
540,1429,4,"20,161,103","20,161,105","20,161,106",1,3
541,1228,4,"20,161,104","20,161,107","20,161,107",1,3
542,313,4,"20,161,104","20,161,106","20,161,105",2,7
543,62,4,"20,161,106","20,161,109","20,161,108",2,6
544,321,4,"20,161,106","20,161,107","20,161,108",2,7
545,1108,4,"20,161,108","20,161,110","20,161,109",3,9
546,470,4,"20,161,109","20,161,112","20,161,110",2,7
547,20,4,"20,161,109","20,161,111","20,161,110",3,8
548,739,4,"20,161,111","20,161,113","20,161,113",2,7
549,64,3,"20,161,112","20,161,112",,3,9
550,892,4,"20,161,112","20,161,114","20,161,115",2,7
551,1169,4,"20,161,112","20,161,113","20,161,113",2,6
552,1282,4,"20,161,112","20,161,115","20,161,113",2,7
553,913,4,"20,161,112","20,161,113","20,161,115",3,9
554,104,4,"20,161,113","20,161,114","20,161,116",1,3
555,212,4,"20,161,113","20,161,114","20,161,116",2,7
556,61,4,"20,161,113","20,161,114","20,161,115",3,9
557,1248,4,"20,161,114","20,161,117","20,161,115",2,6
558,1443,4,"20,161,115","20,161,116","20,161,117",2,7
559,959,4,"20,161,116","20,161,117","20,161,117",1,2
560,1405,4,"20,161,118","20,161,119","20,161,121",2,6
561,90,4,"20,161,119","20,161,122","20,161,122",2,6
562,942,4,"20,161,119","20,161,120","20,161,122",2,7
563,365,4,"20,161,120","20,161,122","20,161,121",2,6
564,1058,4,"20,161,120","20,161,123","20,161,122",2,7
565,894,4,"20,161,121","20,161,122","20,161,122",2,7
566,298,4,"20,161,122","20,161,125","20,161,123",1,3
567,1430,4,"20,161,122","20,161,123","20,161,123",1,2
568,1275,4,"20,161,123","20,161,125","20,161,124",1,3
569,707,4,"20,161,123","20,161,124","20,161,125",2,6
570,989,4,"20,161,123","20,161,124","20,161,125",2,6
571,5,4,"20,161,124","20,161,125","20,161,127",1,2
572,178,4,"20,161,124","20,161,126","20,161,126",2,6
573,423,4,"20,161,124","20,161,126","20,161,127",2,6
574,833,4,"20,161,126","20,161,127","20,161,129",2,7
575,33,4,"20,161,127","20,161,128","20,161,130",1,3
576,1272,4,"20,161,127","20,161,130","20,161,128",1,3
577,445,4,"20,161,127","20,161,130","20,161,129",2,6
578,819,4,"20,161,127","20,161,128","20,161,129",2,7
579,160,4,"20,161,127","20,161,130","20,161,129",3,8
580,581,4,"20,161,130","20,161,202","20,161,202",1,3
581,688,4,"20,161,203","20,161,205","20,161,206",1,3
582,32,3,"20,161,204","20,161,204",,1,2
583,792,4,"20,161,204","20,161,205","20,161,207",2,7
584,1209,4,"20,161,204","20,161,205","20,161,205",2,7
585,1219,4,"20,161,204","20,161,205","20,161,205",2,7
586,1306,4,"20,161,204","20,161,206","20,161,205",2,6
587,487,4,"20,161,206","20,161,208","20,161,208",1,2
588,102,4,"20,161,206","20,161,207","20,161,207",2,7
589,719,4,"20,161,206","20,161,207","20,161,207",2,7
590,990,4,"20,161,206","20,161,209","20,161,207",2,7
591,1211,4,"20,161,206","20,161,209","20,161,209",2,7
592,1232,4,"20,161,206","20,161,208","20,161,208",2,7
593,50,4,"20,161,207","20,161,210","20,161,208",3,8
594,1318,4,"20,161,207","20,161,208","20,161,208",3,8
595,538,4,"20,161,208","20,161,209","20,161,211",1,2
596,952,4,"20,161,208","20,161,209","20,161,209",1,3
597,1121,4,"20,161,208","20,161,209","20,161,210",2,6
598,40,3,"20,161,209","20,161,209",,1,3
599,1,4,"20,161,209","20,161,210","20,161,212",2,6
600,624,4,"20,161,209","20,161,212","20,161,211",2,7
601,683,4,"20,161,209","20,161,210","20,161,210",2,6
602,823,4,"20,161,209","20,161,210","20,161,211",2,6
603,1032,4,"20,161,209","20,161,210","20,161,210",2,7
604,96,4,"20,161,210","20,161,213","20,161,212",2,7
605,1208,4,"20,161,210","20,161,211","20,161,212",2,6
606,18,4,"20,161,211","20,161,212","20,161,213",2,7
607,309,4,"20,161,211","20,161,214","20,161,213",2,6
608,1103,4,"20,161,212","20,161,215","20,161,214",1,3
609,896,4,"20,161,212","20,161,213","20,161,214",2,7
610,711,4,"20,161,213","20,161,215","20,161,214",2,6
611,1073,4,"20,161,215","20,161,217","20,161,218",2,7
612,634,4,"20,161,216","20,161,217","20,161,217",2,7
613,1159,4,"20,161,217","20,161,219","20,161,219",2,7
614,654,4,"20,161,218","20,161,221","20,161,221",1,2
615,560,4,"20,161,219","20,161,222","20,161,221",3,9
616,1444,4,"20,161,220","20,161,223","20,161,223",2,6
617,118,4,"20,161,221","20,161,223","20,161,223",2,7
618,131,4,"20,161,221","20,161,222","20,161,222",2,6
619,454,4,"20,161,222","20,161,225","20,161,225",2,7
620,466,4,"20,161,222","20,161,224","20,161,224",2,6
621,1157,4,"20,161,223","20,161,225","20,161,224",2,6
622,1398,4,"20,161,223","20,161,226","20,161,225",2,7
623,678,4,"20,161,224","20,161,226","20,161,227",2,6
624,814,4,"20,161,224","20,161,225","20,161,227",2,6
625,1163,4,"20,161,225","20,161,228","20,161,226",1,2
626,130,4,"20,161,225","20,161,228","20,161,227",2,7
627,1119,4,"20,161,225","20,161,226","20,161,228",2,6
628,561,4,"20,161,226","20,161,229","20,161,227",1,3
629,973,4,"20,161,226","20,161,227","20,161,229",1,2
630,1404,4,"20,161,226","20,161,227","20,161,228",2,6
631,855,4,"20,161,227","20,161,229","20,161,229",1,3
632,163,4,"20,161,227","20,161,229","20,161,229",2,7
633,1040,4,"20,161,228","20,161,231","20,161,230",3,8
634,27,4,"20,161,229","20,170,101","20,161,230",2,6
635,520,4,"20,161,230","20,170,102","20,161,231",2,6
636,532,4,"20,170,103","20,170,104","20,170,105",1,2
637,512,4,"20,170,103","20,170,105","20,170,105",2,6
638,1302,4,"20,170,104","20,170,105","20,170,106",2,7
639,550,4,"20,170,106","20,170,107","20,170,107",2,6
640,1093,4,"20,170,106","20,170,108","20,170,107",2,6
641,673,4,"20,170,107","20,170,110","20,170,108",1,3
642,847,4,"20,170,107","20,170,109","20,170,110",2,7
643,901,4,"20,170,108","20,170,109","20,170,111",1,3
644,439,4,"20,170,108","20,170,111","20,170,110",2,6
645,1199,4,"20,170,108","20,170,111","20,170,110",2,6
646,975,4,"20,170,109","20,170,112","20,170,111",1,2
647,283,4,"20,170,109","20,170,110","20,170,111",2,7
648,684,4,"20,170,109","20,170,111","20,170,111",2,6
649,1153,4,"20,170,110","20,170,111","20,170,113",1,3
650,729,4,"20,170,111","20,170,114","20,170,112",1,2
651,190,4,"20,170,111","20,170,113","20,170,113",2,7
652,985,4,"20,170,112","20,170,115","20,170,113",3,9
653,1249,4,"20,170,114","20,170,117","20,170,115",1,2
654,1129,4,"20,170,114","20,170,115","20,170,117",2,7
655,347,4,"20,170,116","20,170,117","20,170,118",1,3
656,949,4,"20,170,116","20,170,117","20,170,118",2,7
657,349,4,"20,170,117","20,170,119","20,170,120",1,2
658,1051,4,"20,170,117","20,170,118","20,170,118",2,7
659,1391,4,"20,170,117","20,170,119","20,170,118",2,7
660,383,4,"20,170,118","20,170,119","20,170,119",2,7
661,626,4,"20,170,118","20,170,119","20,170,120",2,6
662,1125,4,"20,170,119","20,170,120","20,170,120",1,3
663,344,4,"20,170,120","20,170,122","20,170,123",1,3
664,681,4,"20,170,120","20,170,123","20,170,122",2,7
665,29,4,"20,170,121","20,170,122","20,170,123",2,6
666,770,4,"20,170,121","20,170,122","20,170,124",2,7
667,858,4,"20,170,122","20,170,124","20,170,125",2,7
668,297,4,"20,170,122","20,170,123","20,170,124",3,8
669,745,4,"20,170,123","20,170,124","20,170,126",2,7
670,361,4,"20,170,124","20,170,125","20,170,125",2,6
671,922,4,"20,170,125","20,170,128","20,170,126",2,7
672,908,4,"20,170,126","20,170,129","20,170,129",2,6
673,64,4,"20,170,126","20,170,128","20,170,127",3,9
674,733,4,"20,170,127","20,170,128","20,170,129",2,6
675,291,4,"20,170,128","20,170,131","20,170,130",2,7
676,790,4,"20,170,128","20,170,130","20,170,131",2,7
677,809,4,"20,170,128","20,170,131","20,170,130",2,7
678,250,4,"20,170,128","20,170,129","20,170,131",3,9
679,81,4,"20,170,129","20,170,130","20,170,130",1,3
680,245,4,"20,170,129","20,170,201","20,170,130",1,3
681,499,4,"20,170,129","20,170,201","20,170,131",2,7
682,614,4,"20,170,129","20,170,130","20,170,130",2,6
683,741,4,"20,170,129","20,170,131","20,170,201",2,6
684,762,4,"20,170,131","20,170,201","20,170,202",2,6
685,976,4,"20,170,131","20,170,203","20,170,202",2,7
686,380,4,"20,170,201","20,170,203","20,170,204",2,7
687,530,4,"20,170,202","20,170,205","20,170,204",1,3
688,343,4,"20,170,202","20,170,203","20,170,205",2,7
689,884,4,"20,170,202","20,170,203","20,170,205",2,7
690,1097,4,"20,170,203","20,170,204","20,170,206",1,2
691,1081,4,"20,170,204","20,170,206","20,170,206",2,7
692,2,3,"20,170,205","20,170,205",,1,3
693,1233,4,"20,170,205","20,170,207","20,170,206",1,3
694,58,4,"20,170,205","20,170,206","20,170,208",2,7
695,606,4,"20,170,205","20,170,208","20,170,207",2,7
696,1242,4,"20,170,205","20,170,208","20,170,208",2,7
697,562,4,"20,170,206","20,170,208","20,170,209",1,2
698,543,4,"20,170,206","20,170,208","20,170,209",3,8
699,958,4,"20,170,206","20,170,208","20,170,209",3,9
700,4,4,"20,170,207","20,170,210","20,170,208",2,6
701,850,4,"20,170,207","20,170,208","20,170,209",3,9
702,1352,4,"20,170,208","20,170,209","20,170,211",1,3
703,417,4,"20,170,208","20,170,209","20,170,209",2,7
704,1137,4,"20,170,208","20,170,209","20,170,211",2,6
705,1196,4,"20,170,208","20,170,211","20,170,211",2,7
706,1271,4,"20,170,209","20,170,212","20,170,210",1,2
707,79,4,"20,170,209","20,170,211","20,170,211",2,7
708,660,4,"20,170,210","20,170,212","20,170,211",1,2
709,1162,4,"20,170,211","20,170,213","20,170,212",2,6
710,295,4,"20,170,213","20,170,215","20,170,216",2,6
711,1246,4,"20,170,213","20,170,216","20,170,214",2,6
712,173,4,"20,170,213","20,170,214","20,170,216",3,9
713,207,4,"20,170,213","20,170,214","20,170,215",3,8
714,805,4,"20,170,214","20,170,217","20,170,215",2,7
715,12,3,"20,170,215","20,170,215",,2,6
716,672,4,"20,170,215","20,170,217","20,170,218",2,6
717,1312,4,"20,170,215","20,170,218","20,170,217",2,6
718,38,4,"20,170,216","20,170,217","20,170,217",2,7
719,200,4,"20,170,216","20,170,219","20,170,218",2,6
720,382,4,"20,170,216","20,170,219","20,170,219",2,6
721,625,4,"20,170,216","20,170,219","20,170,217",2,7
722,1399,4,"20,170,218","20,170,220","20,170,221",2,7
723,845,4,"20,170,219","20,170,221","20,170,222",2,6
724,864,4,"20,170,219","20,170,222","20,170,221",2,6
725,870,4,"20,170,219","20,170,222","20,170,222",2,7
726,969,4,"20,170,219","20,170,222","20,170,220",2,6
727,962,4,"20,170,219","20,170,222","20,170,221",3,9
728,1138,4,"20,170,220","20,170,221","20,170,223",1,3
729,897,4,"20,170,220","20,170,222","20,170,221",2,7
730,500,4,"20,170,221","20,170,224","20,170,222",2,6
731,910,4,"20,170,225","20,170,227","20,170,227",3,9
732,147,4,"20,170,226","20,170,227","20,170,301",2,7
733,832,4,"20,170,226","20,170,301","20,170,227",2,7
734,939,4,"20,170,226","20,170,228","20,170,301",3,9
735,20,3,"20,170,227","20,170,227",,3,9
736,184,4,"20,170,227","20,170,228","20,170,228",2,7
737,694,4,"20,170,227","20,170,301","20,170,228",2,6
738,124,4,"20,170,228","20,170,301","20,170,303",1,2
739,49,4,"20,170,228","20,170,301","20,170,302",2,6
740,1113,4,"20,170,228","20,170,301","20,170,302",2,6
741,119,4,"20,170,228","20,170,301","20,170,301",3,8
742,433,4,"20,170,228","20,170,301","20,170,301",3,9
743,137,4,"20,170,301","20,170,304","20,170,304",2,6
744,166,4,"20,170,301","20,170,302","20,170,302",2,7
745,698,4,"20,170,301","20,170,303","20,170,303",2,7
746,391,4,"20,170,302","20,170,304","20,170,305",1,3
747,87,4,"20,170,303","20,170,304","20,170,305",1,3
748,1072,4,"20,170,303","20,170,305","20,170,304",3,8
749,255,4,"20,170,304","20,170,307","20,170,305",2,7
750,232,4,"20,170,304","20,170,307","20,170,305",3,8
751,731,4,"20,170,305","20,170,308","20,170,307",1,3
752,335,4,"20,170,305","20,170,306","20,170,307",2,6
753,1201,4,"20,170,305","20,170,308","20,170,308",2,7
754,646,4,"20,170,306","20,170,307","20,170,308",1,2
755,531,4,"20,170,306","20,170,307","20,170,307",2,6
756,1143,4,"20,170,306","20,170,307","20,170,309",2,6
757,1336,4,"20,170,306","20,170,308","20,170,309",2,7
758,953,4,"20,170,306","20,170,308","20,170,307",3,9
759,284,4,"20,170,307","20,170,309","20,170,308",2,7
760,1104,4,"20,170,307","20,170,310","20,170,310",2,6
761,1291,4,"20,170,307","20,170,308","20,170,310",2,7
762,572,4,"20,170,308","20,170,309","20,170,309",2,6
763,842,4,"20,170,308","20,170,310","20,170,309",3,9
764,701,4,"20,170,309","20,170,310","20,170,312",1,2
765,1152,4,"20,170,309","20,170,311","20,170,312",1,2
766,141,4,"20,170,309","20,170,311","20,170,312",2,6
767,564,4,"20,170,309","20,170,310","20,170,311",2,7
768,841,4,"20,170,309","20,170,312","20,170,310",2,7
769,946,4,"20,170,309","20,170,311","20,170,311",2,6
770,135,4,"20,170,309","20,170,311","20,170,311",3,9
771,671,4,"20,170,311","20,170,314","20,170,312",1,3
772,448,4,"20,170,311","20,170,312","20,170,313",2,7
773,1385,4,"20,170,311","20,170,312","20,170,312",2,6
774,690,4,"20,170,312","20,170,314","20,170,314",2,6
775,968,4,"20,170,312","20,170,313","20,170,313",2,6
776,490,4,"20,170,313","20,170,315","20,170,316",2,6
777,496,4,"20,170,313","20,170,316","20,170,316",2,6
778,56,3,"20,170,315","20,170,315",,3,9
779,367,4,"20,170,315","20,170,316","20,170,318",2,6
780,592,4,"20,170,315","20,170,317","20,170,317",2,6
781,1018,4,"20,170,315","20,170,316","20,170,317",2,6
782,1298,4,"20,170,315","20,170,316","20,170,318",2,7
783,1343,4,"20,170,316","20,170,319","20,170,317",1,2
784,430,4,"20,170,316","20,170,319","20,170,319",2,7
785,794,4,"20,170,318","20,170,319","20,170,320",1,2
786,249,4,"20,170,318","20,170,320","20,170,319",2,6
787,700,4,"20,170,318","20,170,320","20,170,319",3,9
788,1363,4,"20,170,318","20,170,320","20,170,320",3,9
789,772,4,"20,170,319","20,170,320","20,170,320",2,6
790,1015,4,"20,170,319","20,170,321","20,170,322",2,7
791,432,4,"20,170,320","20,170,322","20,170,323",2,6
792,479,4,"20,170,322","20,170,323","20,170,324",2,6
793,653,4,"20,170,323","20,170,324","20,170,324",2,6
794,863,4,"20,170,323","20,170,325","20,170,324",2,7
795,992,4,"20,170,323","20,170,325","20,170,326",2,7
796,154,4,"20,170,323","20,170,326","20,170,325",3,9
797,374,4,"20,170,324","20,170,326","20,170,326",2,7
798,619,4,"20,170,326","20,170,328","20,170,329",1,3
799,607,4,"20,170,327","20,170,328","20,170,329",1,3
800,1057,4,"20,170,327","20,170,329","20,170,328",2,6
801,78,4,"20,170,328","20,170,329","20,170,330",1,2
802,340,4,"20,170,328","20,170,329","20,170,330",2,6
803,1105,4,"20,170,328","20,170,331","20,170,330",3,8
804,95,4,"20,170,329","20,170,331","20,170,330",2,6
805,420,4,"20,170,329","20,170,330","20,170,401",2,6
806,234,4,"20,170,330","20,170,331","20,170,331",2,7
807,1148,4,"20,170,330","20,170,401","20,170,402",2,6
808,315,4,"20,170,331","20,170,402","20,170,402",2,6
809,1222,4,"20,170,331","20,170,403","20,170,403",2,7
810,153,3,"20,170,401","20,170,401",,3,8
811,524,4,"20,170,401","20,170,404","20,170,404",2,7
812,1164,4,"20,170,401","20,170,402","20,170,403",2,7
813,1203,4,"20,170,401","20,170,403","20,170,402",3,9
814,629,4,"20,170,402","20,170,405","20,170,403",2,7
815,1251,4,"20,170,403","20,170,405","20,170,404",1,3
816,811,4,"20,170,403","20,170,405","20,170,405",2,6
817,301,4,"20,170,404","20,170,405","20,170,407",2,7
818,1319,4,"20,170,404","20,170,407","20,170,407",2,6
819,221,4,"20,170,404","20,170,407","20,170,405",3,9
820,725,4,"20,170,405","20,170,408","20,170,407",2,7
821,1181,4,"20,170,405","20,170,407","20,170,408",2,7
822,294,4,"20,170,406","20,170,408","20,170,409",2,7
823,415,4,"20,170,406","20,170,407","20,170,408",3,8
824,993,4,"20,170,407","20,170,409","20,170,410",1,2
825,10,4,"20,170,407","20,170,408","20,170,409",2,7
826,45,4,"20,170,407","20,170,410","20,170,410",2,6
827,666,4,"20,170,407","20,170,410","20,170,410",2,7
828,246,4,"20,170,409","20,170,410","20,170,412",2,6
829,674,4,"20,170,409","20,170,410","20,170,410",2,7
830,431,4,"20,170,411","20,170,414","20,170,412",2,6
831,1000,4,"20,170,411","20,170,412","20,170,412",2,7
832,1215,4,"20,170,411","20,170,412","20,170,412",2,7
833,406,4,"20,170,412","20,170,414","20,170,415",2,7
834,890,4,"20,170,412","20,170,413","20,170,415",2,6
835,940,4,"20,170,413","20,170,415","20,170,414",1,2
836,455,4,"20,170,413","20,170,416","20,170,414",2,6
837,948,4,"20,170,413","20,170,416","20,170,414",2,7
838,1395,4,"20,170,414","20,170,417","20,170,415",2,7
839,1332,4,"20,170,415","20,170,418","20,170,416",1,3
840,372,4,"20,170,415","20,170,416","20,170,416",2,6
841,428,4,"20,170,415","20,170,418","20,170,417",2,7
842,1133,4,"20,170,415","20,170,418","20,170,416",2,6
843,1059,4,"20,170,416","20,170,417","20,170,419",2,7
844,1436,4,"20,170,416","20,170,417","20,170,418",2,6
845,662,4,"20,170,417","20,170,418","20,170,418",2,7
846,715,4,"20,170,417","20,170,419","20,170,419",2,6
847,329,4,"20,170,418","20,170,419","20,170,419",2,7
848,597,4,"20,170,418","20,170,420","20,170,420",2,7
849,776,4,"20,170,419","20,170,420","20,170,421",1,2
850,1346,4,"20,170,419","20,170,422","20,170,422",1,3
851,1139,4,"20,170,420","20,170,421","20,170,422",2,6
852,13,4,"20,170,421","20,170,423","20,170,422",3,9
853,883,4,"20,170,421","20,170,424","20,170,424",3,8
854,177,4,"20,170,422","20,170,425","20,170,423",2,6
855,775,4,"20,170,422","20,170,423","20,170,425",2,6
856,477,4,"20,170,423","20,170,425","20,170,426",2,6
857,1402,4,"20,170,424","20,170,425","20,170,426",2,7
858,162,4,"20,170,425","20,170,427","20,170,428",2,6
859,644,4,"20,170,425","20,170,426","20,170,426",2,6
860,473,4,"20,170,427","20,170,429","20,170,428",2,7
861,1177,4,"20,170,427","20,170,429","20,170,430",2,7
862,1230,4,"20,170,427","20,170,430","20,170,429",3,8
863,446,4,"20,170,428","20,170,430","20,170,501",2,7
864,902,4,"20,170,428","20,170,430","20,170,429",2,6
865,974,4,"20,170,429","20,170,502","20,170,501",2,6
866,1410,4,"20,170,429","20,170,430","20,170,501",2,6
867,97,4,"20,170,501","20,170,503","20,170,502",1,3
868,868,4,"20,170,501","20,170,504","20,170,502",1,3
869,844,4,"20,170,501","20,170,504","20,170,502",2,7
870,1416,4,"20,170,501","20,170,504","20,170,502",2,6
871,358,4,"20,170,502","20,170,504","20,170,503",2,7
872,394,4,"20,170,503","20,170,506","20,170,506",1,3
873,829,4,"20,170,503","20,170,505","20,170,505",2,7
874,661,4,"20,170,504","20,170,505","20,170,506",2,7
875,386,4,"20,170,505","20,170,506","20,170,508",1,3
876,1046,4,"20,170,505","20,170,508","20,170,506",2,7
877,784,4,"20,170,506","20,170,507","20,170,508",2,6
878,224,4,"20,170,507","20,170,510","20,170,509",1,3
879,214,4,"20,170,508","20,170,509","20,170,509",2,7
880,1206,4,"20,170,508","20,170,511","20,170,510",2,6
881,1024,4,"20,170,508","20,170,511","20,170,511",3,9
882,196,4,"20,170,509","20,170,512","20,170,510",2,6
883,507,4,"20,170,511","20,170,513","20,170,514",2,6
884,871,4,"20,170,511","20,170,513","20,170,512",2,7
885,66,3,"20,170,513","20,170,513",,3,8
886,1396,4,"20,170,513","20,170,514","20,170,515",1,2
887,1195,4,"20,170,513","20,170,515","20,170,515",2,6
888,1038,4,"20,170,514","20,170,516","20,170,516",2,7
889,830,4,"20,170,514","20,170,517","20,170,515",3,8
890,171,4,"20,170,515","20,170,518","20,170,518",2,6
891,384,4,"20,170,515","20,170,518","20,170,516",2,6
892,651,4,"20,170,515","20,170,518","20,170,517",2,7
893,1293,4,"20,170,516","20,170,519","20,170,519",2,7
894,1320,4,"20,170,516","20,170,519","20,170,519",2,6
895,857,4,"20,170,518","20,170,521","20,170,519",2,6
896,376,4,"20,170,519","20,170,522","20,170,521",3,9
897,47,4,"20,170,520","20,170,521","20,170,521",1,2
898,352,4,"20,170,520","20,170,521","20,170,522",2,6
899,605,4,"20,170,520","20,170,521","20,170,521",2,7
900,971,4,"20,170,520","20,170,521","20,170,522",2,6
901,345,4,"20,170,521","20,170,522","20,170,524",2,7
902,1278,4,"20,170,521","20,170,524","20,170,522",2,6
903,179,4,"20,170,522","20,170,523","20,170,524",2,7
904,1020,4,"20,170,523","20,170,526","20,170,524",1,2
905,609,4,"20,170,523","20,170,526","20,170,524",2,6
906,877,4,"20,170,523","20,170,526","20,170,526",2,7
907,120,4,"20,170,524","20,170,526","20,170,527",1,2
908,402,4,"20,170,525","20,170,528","20,170,527",2,7
909,188,4,"20,170,526","20,170,527","20,170,528",1,2
910,342,4,"20,170,526","20,170,528","20,170,528",2,7
911,887,4,"20,170,526","20,170,529","20,170,529",2,6
912,519,4,"20,170,527","20,170,529","20,170,529",1,2
913,699,4,"20,170,527","20,170,529","20,170,529",2,6
914,1068,4,"20,170,528","20,170,531","20,170,531",1,2
915,215,4,"20,170,528","20,170,530","20,170,530",2,6
916,718,4,"20,170,528","20,170,529","20,170,529",2,6
917,881,4,"20,170,529","20,170,531","20,170,601",1,2
918,242,4,"20,170,530","20,170,531","20,170,531",1,3
919,781,4,"20,170,530","20,170,531","20,170,531",2,7
920,966,4,"20,170,530","20,170,601","20,170,602",2,7
921,628,4,"20,170,531","20,170,602","20,170,602",2,6
922,656,4,"20,170,531","20,170,601","20,170,603",2,6
923,769,4,"20,170,531","20,170,603","20,170,602",2,7
924,68,3,"20,170,602","20,170,602",,3,8
925,1316,4,"20,170,602","20,170,605","20,170,603",2,7
926,233,4,"20,170,603","20,170,605","20,170,606",1,2
927,1438,4,"20,170,603","20,170,605","20,170,606",1,2
928,957,4,"20,170,605","20,170,606","20,170,606",1,3
929,472,4,"20,170,605","20,170,606","20,170,608",2,6
930,1224,4,"20,170,605","20,170,606","20,170,606",3,9
931,631,4,"20,170,607","20,170,608","20,170,608",2,6
932,804,4,"20,170,607","20,170,608","20,170,609",2,6
933,909,4,"20,170,607","20,170,610","20,170,608",2,6
934,93,4,"20,170,609","20,170,610","20,170,612",2,7
935,43,3,"20,170,610","20,170,610",,3,8
936,265,4,"20,170,610","20,170,613","20,170,612",2,6
937,73,4,"20,170,611","20,170,614","20,170,613",2,7
938,129,4,"20,170,611","20,170,612","20,170,612",2,6
939,1407,4,"20,170,611","20,170,612","20,170,614",2,6
940,585,4,"20,170,612","20,170,614","20,170,613",1,2
941,736,4,"20,170,612","20,170,614","20,170,614",1,2
942,537,4,"20,170,613","20,170,616","20,170,615",2,6
943,1025,4,"20,170,613","20,170,615","20,170,615",2,6
944,138,4,"20,170,614","20,170,615","20,170,617",1,3
945,167,4,"20,170,614","20,170,615","20,170,616",2,7
946,525,4,"20,170,614","20,170,616","20,170,615",2,6
947,278,4,"20,170,615","20,170,618","20,170,617",1,3
948,618,4,"20,170,615","20,170,617","20,170,617",2,6
949,867,4,"20,170,616","20,170,618","20,170,617",1,3
950,142,4,"20,170,616","20,170,619","20,170,618",2,6
951,339,4,"20,170,616","20,170,619","20,170,619",2,7
952,355,4,"20,170,616","20,170,618","20,170,618",2,7
953,658,4,"20,170,616","20,170,618","20,170,617",2,7
954,611,4,"20,170,617","20,170,620","20,170,620",2,6
955,880,4,"20,170,617","20,170,619","20,170,618",2,6
956,1184,4,"20,170,617","20,170,619","20,170,620",2,6
957,722,4,"20,170,617","20,170,620","20,170,620",3,9
958,1276,4,"20,170,618","20,170,620","20,170,619",1,2
959,650,4,"20,170,618","20,170,621","20,170,621",2,7
960,1390,4,"20,170,618","20,170,619","20,170,619",2,7
961,82,4,"20,170,619","20,170,621","20,170,622",1,2
962,570,4,"20,170,619","20,170,622","20,170,620",2,7
963,1432,4,"20,170,619","20,170,621","20,170,621",2,6
964,404,4,"20,170,620","20,170,622","20,170,622",2,7
965,457,4,"20,170,620","20,170,622","20,170,623",2,6
966,389,4,"20,170,620","20,170,622","20,170,622",3,8
967,1323,4,"20,170,621","20,170,624","20,170,624",2,6
968,1403,4,"20,170,621","20,170,623","20,170,623",2,6
969,248,4,"20,170,621","20,170,624","20,170,622",3,9
970,836,4,"20,170,622","20,170,625","20,170,623",2,7
971,1426,4,"20,170,622","20,170,623","20,170,624",3,8
972,270,4,"20,170,623","20,170,624","20,170,625",2,7
973,238,4,"20,170,624","20,170,627","20,170,627",2,6
974,511,4,"20,170,624","20,170,627","20,170,627",3,8
975,1092,4,"20,170,625","20,170,627","20,170,628",2,6
976,1266,4,"20,170,625","20,170,628","20,170,627",3,9
977,400,4,"20,170,626","20,170,628","20,170,627",2,7
978,1123,4,"20,170,626","20,170,628","20,170,627",2,6
979,1190,4,"20,170,626","20,170,629","20,170,627",2,6
980,328,4,"20,170,626","20,170,628","20,170,627",3,9
981,687,4,"20,170,626","20,170,629","20,170,628",3,8
982,1423,4,"20,170,626","20,170,629","20,170,628",3,9
983,1158,4,"20,170,627","20,170,628","20,170,629",2,6
984,1287,4,"20,170,627","20,170,628","20,170,629",2,7
985,461,4,"20,170,630","20,170,702","20,170,701",2,6
986,556,4,"20,170,630","20,170,703","20,170,701",2,7
987,172,4,"20,170,702","20,170,704","20,170,704",1,2
988,436,4,"20,170,702","20,170,704","20,170,705",2,6
989,1145,4,"20,170,702","20,170,704","20,170,703",2,6
990,706,4,"20,170,704","20,170,707","20,170,707",2,7
991,751,4,"20,170,706","20,170,707","20,170,709",1,2
992,723,4,"20,170,707","20,170,710","20,170,709",2,7
993,1415,4,"20,170,709","20,170,711","20,170,711",1,3
994,419,4,"20,170,709","20,170,711","20,170,711",2,7
995,621,4,"20,170,711","20,170,713","20,170,714",1,2
996,915,4,"20,170,711","20,170,712","20,170,712",1,2
997,485,4,"20,170,711","20,170,713","20,170,714",2,7
998,219,4,"20,170,712","20,170,713","20,170,714",2,7
999,590,4,"20,170,712","20,170,713","20,170,714",2,6
1000,645,4,"20,170,712","20,170,714","20,170,715",2,7
1001,354,4,"20,170,713","20,170,716","20,170,715",2,6
1002,1418,4,"20,170,714","20,170,716","20,170,716",1,3
1003,503,4,"20,170,714","20,170,716","20,170,716",2,7
1004,1389,4,"20,170,714","20,170,717","20,170,716",2,6
1005,266,4,"20,170,715","20,170,717","20,170,716",2,7
1006,1070,4,"20,170,715","20,170,718","20,170,717",2,7
1007,1115,4,"20,170,716","20,170,717","20,170,717",2,6
1008,1345,4,"20,170,716","20,170,718","20,170,718",2,6
1009,1064,4,"20,170,716","20,170,719","20,170,719",3,8
1010,8,3,"20,170,718","20,170,718",,2,7
1011,495,4,"20,170,718","20,170,721","20,170,721",1,3
1012,620,4,"20,170,718","20,170,720","20,170,720",2,7
1013,174,4,"20,170,719","20,170,722","20,170,721",2,6
1014,748,4,"20,170,719","20,170,721","20,170,721",2,6
1015,799,4,"20,170,719","20,170,722","20,170,721",2,7
1016,1417,4,"20,170,719","20,170,720","20,170,721",3,9
1017,168,4,"20,170,720","20,170,721","20,170,723",2,6
1018,290,4,"20,170,722","20,170,723","20,170,723",2,6
1019,408,4,"20,170,722","20,170,723","20,170,724",2,7
1020,16,3,"20,170,723","20,170,723",,2,6
1021,125,4,"20,170,723","20,170,724","20,170,726",2,6
1022,353,4,"20,170,723","20,170,726","20,170,724",2,7
1023,356,4,"20,170,723","20,170,726","20,170,725",2,6
1024,837,4,"20,170,723","20,170,725","20,170,726",2,7
1025,1304,4,"20,170,723","20,170,726","20,170,726",2,6
1026,1370,4,"20,170,726","20,170,728","20,170,729",1,2
1027,588,4,"20,170,726","20,170,728","20,170,728",2,6
1028,1273,4,"20,170,727","20,170,728","20,170,730",2,7
1029,407,4,"20,170,729","20,170,730","20,170,801",1,3
1030,161,4,"20,170,729","20,170,730","20,170,731",2,6
1031,1308,4,"20,170,730","20,170,801","20,170,802",1,2
1032,429,4,"20,170,730","20,170,802","20,170,801",2,6
1033,582,4,"20,170,730","20,170,731","20,170,802",2,7
1034,895,4,"20,170,730","20,170,731","20,170,731",2,7
1035,1283,4,"20,170,730","20,170,802","20,170,802",2,6
1036,1442,4,"20,170,730","20,170,801","20,170,731",2,6
1037,1229,4,"20,170,731","20,170,802","20,170,803",2,6
1038,1281,4,"20,170,731","20,170,801","20,170,803",2,7
1039,1077,4,"20,170,802","20,170,804","20,170,803",2,7
1040,1225,4,"20,170,804","20,170,807","20,170,805",1,2
1041,70,4,"20,170,804","20,170,806","20,170,805",2,7
1042,539,4,"20,170,806","20,170,807","20,170,807",2,7
1043,1235,4,"20,170,806","20,170,809","20,170,808",2,6
1044,1270,4,"20,170,807","20,170,810","20,170,808",2,7
1045,185,4,"20,170,807","20,170,809","20,170,810",3,9
1046,1134,4,"20,170,807","20,170,809","20,170,808",3,8
1047,116,3,"20,170,808","20,170,808",,3,8
1048,777,4,"20,170,808","20,170,810","20,170,809",2,7
1049,194,4,"20,170,809","20,170,811","20,170,810",1,2
1050,239,4,"20,170,809","20,170,812","20,170,812",1,3
1051,209,4,"20,170,810","20,170,811","20,170,811",2,7
1052,460,4,"20,170,810","20,170,812","20,170,813",2,6
1053,1439,4,"20,170,810","20,170,811","20,170,812",2,6
1054,189,4,"20,170,811","20,170,812","20,170,812",2,7
1055,140,4,"20,170,812","20,170,815","20,170,815",2,6
1056,325,4,"20,170,812","20,170,815","20,170,813",2,7
1057,456,4,"20,170,812","20,170,815","20,170,813",2,7
1058,782,4,"20,170,813","20,170,816","20,170,814",2,6
1059,6,4,"20,170,814","20,170,817","20,170,817",2,7
1060,182,4,"20,170,815","20,170,818","20,170,817",2,6
1061,655,4,"20,170,815","20,170,818","20,170,818",2,7
1062,1210,4,"20,170,815","20,170,817","20,170,818",2,6
1063,198,4,"20,170,816","20,170,819","20,170,819",3,8
1064,898,4,"20,170,816","20,170,818","20,170,819",3,9
1065,25,4,"20,170,817","20,170,819","20,170,819",2,7
1066,106,4,"20,170,817","20,170,820","20,170,819",2,7
1067,225,4,"20,170,817","20,170,819","20,170,819",2,7
1068,453,4,"20,170,817","20,170,820","20,170,819",2,7
1069,493,4,"20,170,817","20,170,819","20,170,818",2,6
1070,596,4,"20,170,817","20,170,820","20,170,818",2,7
1071,602,4,"20,170,817","20,170,820","20,170,818",3,8
1072,47,3,"20,170,818","20,170,818",,1,3
1073,911,4,"20,170,818","20,170,819","20,170,821",2,7
1074,11,3,"20,170,819","20,170,819",,2,6
1075,1003,4,"20,170,819","20,170,821","20,170,822",1,3
1076,42,4,"20,170,819","20,170,822","20,170,822",2,6
1077,412,4,"20,170,819","20,170,820","20,170,821",2,6
1078,793,4,"20,170,819","20,170,821","20,170,820",2,6
1079,812,4,"20,170,819","20,170,820","20,170,820",2,7
1080,1086,4,"20,170,819","20,170,820","20,170,820",2,7
1081,1106,4,"20,170,819","20,170,822","20,170,822",2,6
1082,1327,4,"20,170,820","20,170,822","20,170,821",2,6
1083,1372,4,"20,170,820","20,170,823","20,170,823",2,6
1084,2,4,"20,170,821","20,170,824","20,170,823",1,2
1085,305,4,"20,170,821","20,170,823","20,170,823",1,3
1086,220,4,"20,170,821","20,170,823","20,170,824",2,7
1087,675,4,"20,170,822","20,170,823","20,170,825",3,8
1088,1160,4,"20,170,822","20,170,823","20,170,823",3,8
1089,46,3,"20,170,823","20,170,823",,1,2
1090,1427,4,"20,170,824","20,170,826","20,170,826",1,2
1091,1260,4,"20,170,824","20,170,825","20,170,825",2,7
1092,40,4,"20,170,825","20,170,828","20,170,827",1,2
1093,326,4,"20,170,825","20,170,828","20,170,826",1,3
1094,828,4,"20,170,825","20,170,827","20,170,828",2,6
1095,1382,4,"20,170,826","20,170,828","20,170,827",3,9
1096,589,4,"20,170,827","20,170,829","20,170,829",1,2
1097,1311,4,"20,170,827","20,170,830","20,170,828",2,6
1098,752,4,"20,170,828","20,170,830","20,170,830",1,2
1099,1128,4,"20,170,828","20,170,829","20,170,830",2,6
1100,1392,4,"20,170,828","20,170,829","20,170,829",2,7
1101,379,4,"20,170,829","20,170,830","20,170,830",2,7
1102,1317,4,"20,170,829","20,170,831","20,170,831",2,6
1103,1394,4,"20,170,831","20,170,902","20,170,902",2,7
1104,268,4,"20,170,901","20,170,904","20,170,903",2,6
1105,747,4,"20,170,901","20,170,904","20,170,903",3,8
1106,1009,4,"20,170,902","20,170,904","20,170,904",2,6
1107,1424,4,"20,170,902","20,170,905","20,170,905",2,7
1108,735,4,"20,170,903","20,170,905","20,170,904",1,3
1109,23,4,"20,170,903","20,170,904","20,170,904",2,6
1110,912,4,"20,170,904","20,170,907","20,170,907",2,6
1111,930,4,"20,170,904","20,170,906","20,170,905",2,6
1112,798,4,"20,170,905","20,170,908","20,170,907",2,7
1113,388,4,"20,170,906","20,170,908","20,170,907",2,7
1114,1036,4,"20,170,906","20,170,908","20,170,908",2,6
1115,1100,4,"20,170,907","20,170,909","20,170,909",2,6
1116,52,4,"20,170,908","20,170,910","20,170,910",2,7
1117,334,4,"20,170,908","20,170,910","20,170,910",2,6
1118,1023,4,"20,170,908","20,170,911","20,170,911",2,6
1119,749,4,"20,170,910","20,170,912","20,170,913",1,2
1120,1269,4,"20,170,910","20,170,912","20,170,913",2,7
1121,143,4,"20,170,911","20,170,913","20,170,912",2,7
1122,1132,4,"20,170,912","20,170,914","20,170,914",2,6
1123,598,4,"20,170,913","20,170,914","20,170,914",2,7
1124,275,4,"20,170,913","20,170,914","20,170,916",3,9
1125,945,4,"20,170,914","20,170,915","20,170,915",2,7
1126,1213,4,"20,170,914","20,170,916","20,170,915",3,8
1127,494,4,"20,170,915","20,170,916","20,170,916",2,7
1128,936,4,"20,170,915","20,170,917","20,170,916",2,6
1129,663,4,"20,170,917","20,170,918","20,170,920",2,6
1130,69,4,"20,170,918","20,170,920","20,170,920",1,3
1131,1178,4,"20,170,918","20,170,920","20,170,919",1,3
1132,351,4,"20,170,919","20,170,920","20,170,920",2,6
1133,517,4,"20,170,919","20,170,921","20,170,921",2,7
1134,978,4,"20,170,919","20,170,922","20,170,920",2,6
1135,1347,4,"20,170,919","20,170,921","20,170,920",2,6
1136,1050,4,"20,170,920","20,170,921","20,170,921",2,6
1137,810,4,"20,170,920","20,170,923","20,170,923",3,8
1138,254,4,"20,170,921","20,170,923","20,170,922",1,2
1139,1006,4,"20,170,921","20,170,922","20,170,923",1,2
1140,1063,4,"20,170,921","20,170,922","20,170,922",3,8
1141,1076,4,"20,170,922","20,170,923","20,170,924",1,2
1142,554,4,"20,170,923","20,170,926","20,170,926",1,3
1143,1087,4,"20,170,924","20,170,926","20,170,927",1,2
1144,1414,4,"20,170,924","20,170,927","20,170,927",2,7
1145,617,4,"20,170,925","20,170,927","20,170,926",2,6
1146,757,4,"20,170,925","20,170,926","20,170,928",2,7
1147,1344,4,"20,170,925","20,170,926","20,170,927",2,6
1148,1379,4,"20,170,925","20,170,926","20,170,927",2,7
1149,787,4,"20,170,927","20,170,930","20,170,930",2,7
1150,1183,4,"20,170,928","20,171,001","20,170,930",2,7
1151,708,4,"20,170,929","20,170,930","20,170,930",1,3
1152,1244,4,"20,170,929","20,171,002","20,171,001",2,6
1153,720,4,"20,170,930","20,171,003","20,171,003",2,7
1154,789,4,"20,170,930","20,171,003","20,171,003",2,7
1155,865,4,"20,170,930","20,171,001","20,171,001",2,7
1156,869,4,"20,170,930","20,171,003","20,171,003",2,7
1157,24,4,"20,171,001","20,171,003","20,171,004",1,3
1158,889,4,"20,171,001","20,171,003","20,171,002",1,2
1159,1221,4,"20,171,001","20,171,002","20,171,003",1,3
1160,1262,4,"20,171,001","20,171,002","20,171,004",1,2
1161,41,4,"20,171,001","20,171,004","20,171,002",2,7
1162,888,4,"20,171,001","20,171,003","20,171,003",2,6
1163,934,4,"20,171,001","20,171,002","20,171,002",2,6
1164,1067,4,"20,171,001","20,171,002","20,171,003",2,6
1165,652,4,"20,171,002","20,171,003","20,171,005",2,7
1166,286,4,"20,171,003","20,171,004","20,171,004",2,7
1167,900,4,"20,171,004","20,171,007","20,171,006",1,2
1168,1031,4,"20,171,004","20,171,005","20,171,006",2,6
1169,1421,4,"20,171,004","20,171,006","20,171,007",2,7
1170,534,4,"20,171,005","20,171,007","20,171,006",2,6
1171,826,4,"20,171,005","20,171,006","20,171,008",2,6
1172,1339,4,"20,171,007","20,171,010","20,171,009",2,7
1173,548,4,"20,171,008","20,171,010","20,171,009",2,7
1174,1109,4,"20,171,008","20,171,010","20,171,011",2,6
1175,292,4,"20,171,009","20,171,011","20,171,012",2,6
1176,1111,4,"20,171,010","20,171,013","20,171,011",3,9
1177,21,3,"20,171,012","20,171,012",,3,9
1178,771,4,"20,171,012","20,171,015","20,171,013",2,6
1179,1150,4,"20,171,012","20,171,015","20,171,015",3,9
1180,1065,4,"20,171,013","20,171,016","20,171,016",1,3
1181,1022,4,"20,171,013","20,171,016","20,171,015",2,7
1182,1422,4,"20,171,013","20,171,014","20,171,016",2,7
1183,216,4,"20,171,014","20,171,017","20,171,017",2,6
1184,369,4,"20,171,014","20,171,015","20,171,016",2,6
1185,960,4,"20,171,014","20,171,016","20,171,017",2,6
1186,1120,4,"20,171,014","20,171,016","20,171,015",2,6
1187,486,4,"20,171,015","20,171,018","20,171,016",2,6
1188,647,4,"20,171,015","20,171,018","20,171,017",2,7
1189,1090,4,"20,171,015","20,171,017","20,171,018",2,6
1190,34,4,"20,171,016","20,171,019","20,171,017",2,6
1191,186,4,"20,171,017","20,171,018","20,171,018",2,6
1192,1114,4,"20,171,017","20,171,019","20,171,018",2,6
1193,1412,4,"20,171,017","20,171,019","20,171,019",2,7
1194,192,4,"20,171,019","20,171,022","20,171,022",1,2
1195,229,4,"20,171,019","20,171,021","20,171,021",2,7
1196,508,4,"20,171,019","20,171,021","20,171,020",2,6
1197,269,4,"20,171,021","20,171,023","20,171,023",2,6
1198,1289,4,"20,171,022","20,171,024","20,171,024",2,7
1199,318,4,"20,171,023","20,171,024","20,171,026",1,2
1200,48,4,"20,171,023","20,171,025","20,171,026",2,6
1201,201,4,"20,171,023","20,171,024","20,171,024",2,6
1202,593,4,"20,171,024","20,171,025","20,171,025",2,6
1203,1191,4,"20,171,025","20,171,027","20,171,026",2,7
1204,1277,4,"20,171,025","20,171,028","20,171,028",2,6
1205,1091,4,"20,171,026","20,171,028","20,171,028",1,2
1206,222,4,"20,171,026","20,171,029","20,171,029",2,6
1207,1002,4,"20,171,026","20,171,028","20,171,027",2,6
1208,1226,4,"20,171,026","20,171,028","20,171,027",2,7
1209,1342,4,"20,171,026","20,171,027","20,171,029",2,7
1210,730,4,"20,171,026","20,171,027","20,171,029",3,8
1211,19,4,"20,171,027","20,171,028","20,171,029",2,7
1212,213,4,"20,171,027","20,171,030","20,171,029",2,6
1213,669,4,"20,171,027","20,171,029","20,171,029",3,9
1214,783,4,"20,171,028","20,171,029","20,171,029",2,6
1215,807,4,"20,171,028","20,171,031","20,171,030",2,7
1216,886,4,"20,171,028","20,171,030","20,171,029",2,7
1217,1155,4,"20,171,028","20,171,031","20,171,030",2,7
1218,1017,4,"20,171,030","20,171,101","20,171,031",1,2
1219,840,4,"20,171,030","20,171,102","20,171,102",2,7
1220,803,4,"20,171,031","20,171,103","20,171,103",2,6
1221,1290,4,"20,171,031","20,171,102","20,171,101",2,7
1222,482,4,"20,171,101","20,171,104","20,171,103",3,9
1223,1207,4,"20,171,102","20,171,103","20,171,103",2,6
1224,544,4,"20,171,103","20,171,104","20,171,104",2,6
1225,768,4,"20,171,104","20,171,105","20,171,107",1,2
1226,226,4,"20,171,104","20,171,107","20,171,106",2,7
1227,702,4,"20,171,104","20,171,107","20,171,106",2,6
1228,1041,4,"20,171,104","20,171,106","20,171,106",2,6
1229,89,4,"20,171,105","20,171,108","20,171,106",1,3
1230,1107,4,"20,171,105","20,171,106","20,171,107",2,6
1231,1180,4,"20,171,105","20,171,107","20,171,106",2,6
1232,665,4,"20,171,106","20,171,107","20,171,109",1,3
1233,462,4,"20,171,106","20,171,107","20,171,108",2,6
1234,19,3,"20,171,107","20,171,107",,2,6
1235,210,4,"20,171,107","20,171,108","20,171,109",2,6
1236,243,4,"20,171,108","20,171,111","20,171,109",2,7
1237,571,4,"20,171,109","20,171,112","20,171,111",1,2
1238,998,4,"20,171,109","20,171,110","20,171,111",2,6
1239,1197,4,"20,171,109","20,171,110","20,171,111",2,7
1240,903,4,"20,171,110","20,171,111","20,171,111",2,7
1241,1170,4,"20,171,110","20,171,112","20,171,111",2,7
1242,303,4,"20,171,111","20,171,112","20,171,112",2,6
1243,346,4,"20,171,111","20,171,113","20,171,114",2,6
1244,333,4,"20,171,112","20,171,114","20,171,113",2,6
1245,1166,4,"20,171,113","20,171,116","20,171,114",2,7
1246,1329,4,"20,171,113","20,171,116","20,171,116",2,7
1247,426,4,"20,171,116","20,171,118","20,171,117",1,2
1248,1367,4,"20,171,116","20,171,117","20,171,118",1,3
1249,545,4,"20,171,117","20,171,118","20,171,120",2,6
1250,1188,4,"20,171,117","20,171,119","20,171,118",2,6
1251,289,4,"20,171,117","20,171,119","20,171,119",3,9
1252,110,4,"20,171,118","20,171,120","20,171,121",1,3
1253,44,4,"20,171,118","20,171,121","20,171,121",2,6
1254,1098,4,"20,171,118","20,171,119","20,171,119",2,7
1255,375,4,"20,171,119","20,171,120","20,171,121",2,6
1256,458,4,"20,171,119","20,171,120","20,171,122",2,6
1257,1136,4,"20,171,119","20,171,122","20,171,120",2,7
1258,1099,4,"20,171,120","20,171,121","20,171,122",2,7
1259,4,3,"20,171,121","20,171,121",,2,7
1260,1117,4,"20,171,122","20,171,123","20,171,124",2,6
1261,435,4,"20,171,123","20,171,125","20,171,124",2,7
1262,509,4,"20,171,123","20,171,126","20,171,126",2,6
1263,1408,4,"20,171,123","20,171,126","20,171,126",2,6
1264,113,4,"20,171,124","20,171,127","20,171,125",2,6
1265,950,4,"20,171,124","20,171,127","20,171,127",2,7
1266,387,4,"20,171,125","20,171,128","20,171,127",2,6
1267,467,4,"20,171,125","20,171,126","20,171,126",2,6
1268,774,4,"20,171,126","20,171,128","20,171,129",1,3
1269,1236,4,"20,171,126","20,171,129","20,171,129",2,6
1270,1388,4,"20,171,126","20,171,129","20,171,129",2,6
1271,734,4,"20,171,127","20,171,130","20,171,130",2,6
1272,935,4,"20,171,127","20,171,129","20,171,130",2,6
1273,1268,4,"20,171,127","20,171,129","20,171,129",2,6
1274,1364,4,"20,171,128","20,171,129","20,171,201",2,7
1275,165,4,"20,171,129","20,171,201","20,171,130",1,2
1276,893,4,"20,171,130","20,171,203","20,171,202",2,6
1277,227,4,"20,171,201","20,171,204","20,171,202",2,6
1278,980,4,"20,171,201","20,171,202","20,171,204",2,7
1279,1014,4,"20,171,201","20,171,204","20,171,203",2,6
1280,123,4,"20,171,201","20,171,203","20,171,203",3,9
1281,1060,4,"20,171,202","20,171,205","20,171,205",2,6
1282,320,4,"20,171,203","20,171,205","20,171,205",2,6
1283,85,4,"20,171,204","20,171,207","20,171,207",2,7
1284,128,4,"20,171,204","20,171,206","20,171,207",2,7
1285,262,4,"20,171,204","20,171,207","20,171,207",2,7
1286,1033,4,"20,171,204","20,171,207","20,171,206",2,7
1287,279,4,"20,171,207","20,171,210","20,171,209",1,3
1288,778,4,"20,171,207","20,171,210","20,171,209",3,9
1289,1292,4,"20,171,208","20,171,211","20,171,210",1,3
1290,967,4,"20,171,208","20,171,210","20,171,210",2,6
1291,1284,4,"20,171,209","20,171,211","20,171,212",2,6
1292,285,4,"20,171,210","20,171,213","20,171,211",2,6
1293,1401,4,"20,171,210","20,171,212","20,171,211",2,7
1294,947,4,"20,171,211","20,171,213","20,171,214",1,2
1295,37,4,"20,171,211","20,171,212","20,171,214",2,7
1296,231,4,"20,171,214","20,171,217","20,171,215",1,3
1297,108,4,"20,171,214","20,171,217","20,171,216",2,6
1298,533,4,"20,171,214","20,171,217","20,171,216",3,9
1299,1216,4,"20,171,215","20,171,218","20,171,216",1,2
1300,824,4,"20,171,215","20,171,217","20,171,217",2,6
1301,1088,4,"20,171,216","20,171,219","20,171,219",1,3
1302,322,4,"20,171,216","20,171,218","20,171,219",2,7
1303,878,4,"20,171,216","20,171,219","20,171,218",2,7
1304,1409,4,"20,171,216","20,171,217","20,171,217",2,6
1305,257,4,"20,171,217","20,171,219","20,171,218",2,7
1306,28,4,"20,171,220","20,171,221","20,171,222",2,6
1307,1384,4,"20,171,222","20,171,223","20,171,225",1,2
1308,713,4,"20,171,222","20,171,224","20,171,224",2,7
1309,821,4,"20,171,222","20,171,225","20,171,224",2,6
1310,444,4,"20,171,224","20,171,225","20,171,226",1,3
1311,1021,4,"20,171,224","20,171,226","20,171,227",2,6
1312,311,4,"20,171,225","20,171,228","20,171,226",1,3
1313,1294,4,"20,171,225","20,171,227","20,171,227",1,3
1314,1027,4,"20,171,225","20,171,226","20,171,228",2,7
1315,931,4,"20,171,225","20,171,227","20,171,228",3,9
1316,846,4,"20,171,226","20,171,229","20,171,227",1,3
1317,418,4,"20,171,227","20,171,228","20,171,229",1,3
1318,75,4,"20,171,227","20,171,230","20,171,229",2,6
1319,604,4,"20,171,227","20,171,230","20,171,230",2,6
1320,244,4,"20,171,228","20,171,230","20,171,229",1,3
1321,217,4,"20,171,230","20,171,231","20,171,231",1,3
1322,39,4,"20,171,231","20,180,103","20,180,102",2,7
1323,273,4,"20,171,231","20,180,101","20,180,101",2,6
1324,862,4,"20,180,101","20,180,104","20,180,103",2,6
1325,68,4,"20,180,101","20,180,102","20,180,103",3,8
1326,567,4,"20,180,101","20,180,103","20,180,102",3,9
1327,1026,4,"20,180,102","20,180,103","20,180,105",2,6
1328,1083,4,"20,180,102","20,180,103","20,180,103",2,6
1329,443,4,"20,180,104","20,180,105","20,180,106",1,3
1330,761,4,"20,180,104","20,180,105","20,180,107",2,7
1331,1122,4,"20,180,105","20,180,106","20,180,108",2,6
1332,256,4,"20,180,106","20,180,107","20,180,109",2,7
1333,203,4,"20,180,106","20,180,107","20,180,107",3,8
1334,425,4,"20,180,107","20,180,109","20,180,110",2,6
1335,955,4,"20,180,107","20,180,108","20,180,108",2,7
1336,904,4,"20,180,109","20,180,110","20,180,112",1,2
1337,970,4,"20,180,109","20,180,112","20,180,112",2,7
1338,905,4,"20,180,110","20,180,111","20,180,113",2,6
1339,580,4,"20,180,111","20,180,114","20,180,113",1,3
1340,1066,4,"20,180,112","20,180,113","20,180,113",1,3
1341,1258,4,"20,180,112","20,180,113","20,180,114",2,7
1342,1393,4,"20,180,112","20,180,113","20,180,115",2,7
1343,594,4,"20,180,113","20,180,115","20,180,114",2,6
1344,916,4,"20,180,113","20,180,116","20,180,115",2,6
1345,1037,4,"20,180,114","20,180,115","20,180,115",2,6
1346,136,4,"20,180,114","20,180,115","20,180,115",3,8
1347,247,4,"20,180,115","20,180,118","20,180,118",1,2
1348,1214,4,"20,180,115","20,180,117","20,180,117",1,2
1349,464,4,"20,180,115","20,180,117","20,180,116",2,6
1350,637,4,"20,180,115","20,180,118","20,180,117",2,7
1351,1016,4,"20,180,116","20,180,119","20,180,119",2,7
1352,1433,4,"20,180,116","20,180,118","20,180,118",2,6
1353,502,4,"20,180,117","20,180,119","20,180,118",2,6
1354,476,4,"20,180,119","20,180,120","20,180,121",1,3
1355,1010,4,"20,180,119","20,180,121","20,180,120",2,7
1356,1161,4,"20,180,119","20,180,121","20,180,122",2,6
1357,440,4,"20,180,120","20,180,123","20,180,121",2,6
1358,253,4,"20,180,121","20,180,123","20,180,124",1,2
1359,1008,4,"20,180,121","20,180,122","20,180,122",3,9
1360,71,4,"20,180,122","20,180,125","20,180,124",2,6
1361,1084,4,"20,180,122","20,180,124","20,180,123",2,7
1362,310,4,"20,180,123","20,180,124","20,180,125",2,6
1363,860,4,"20,180,124","20,180,125","20,180,125",2,6
1364,122,4,"20,180,125","20,180,128","20,180,128",2,6
1365,689,4,"20,180,125","20,180,128","20,180,127",2,7
1366,1441,4,"20,180,126","20,180,127","20,180,128",2,6
1367,1118,4,"20,180,127","20,180,128","20,180,128",1,3
1368,765,4,"20,180,127","20,180,128","20,180,129",2,6
1369,92,4,"20,180,128","20,180,130","20,180,130",2,6
1370,115,4,"20,180,128","20,180,129","20,180,129",2,7
1371,937,4,"20,180,129","20,180,130","20,180,201",2,7
1372,1013,4,"20,180,129","20,180,201","20,180,130",2,6
1373,427,4,"20,180,129","20,180,131","20,180,131",3,9
1374,1330,4,"20,180,130","20,180,201","20,180,201",1,3
1375,312,4,"20,180,130","20,180,201","20,180,201",3,8
1376,1186,4,"20,180,201","20,180,202","20,180,203",1,2
1377,1007,4,"20,180,201","20,180,203","20,180,203",2,7
1378,983,4,"20,180,202","20,180,205","20,180,204",1,2
1379,1256,4,"20,180,202","20,180,205","20,180,205",2,6
1380,818,4,"20,180,205","20,180,208","20,180,208",1,3
1381,680,4,"20,180,205","20,180,206","20,180,208",2,7
1382,1303,4,"20,180,206","20,180,209","20,180,208",2,6
1383,488,4,"20,180,207","20,180,208","20,180,208",1,3
1384,1126,4,"20,180,208","20,180,210","20,180,209",2,7
1385,866,4,"20,180,208","20,180,211","20,180,209",3,9
1386,1254,4,"20,180,209","20,180,210","20,180,211",1,2
1387,11,4,"20,180,209","20,180,211","20,180,211",2,7
1388,323,4,"20,180,209","20,180,212","20,180,212",2,7
1389,491,4,"20,180,211","20,180,212","20,180,214",2,7
1390,63,4,"20,180,212","20,180,213","20,180,213",2,7
1391,914,4,"20,180,213","20,180,214","20,180,214",2,7
1392,1187,4,"20,180,213","20,180,214","20,180,214",2,6
1393,547,4,"20,180,214","20,180,215","20,180,215",2,7
1394,906,4,"20,180,214","20,180,216","20,180,216",3,8
1395,1052,4,"20,180,215","20,180,218","20,180,216",1,3
1396,856,4,"20,180,215","20,180,218","20,180,216",2,7
1397,920,4,"20,180,215","20,180,217","20,180,216",2,6
1398,1383,4,"20,180,216","20,180,219","20,180,219",1,3
1399,146,4,"20,180,216","20,180,218","20,180,218",2,6
1400,987,4,"20,180,217","20,180,218","20,180,218",2,6
1401,15,4,"20,180,218","20,180,219","20,180,220",2,7
1402,1171,4,"20,180,219","20,180,221","20,180,221",2,6
1403,452,4,"20,180,221","20,180,222","20,180,222",2,7
1404,1240,4,"20,180,223","20,180,226","20,180,224",1,3
1405,100,4,"20,180,225","20,180,228","20,180,227",2,6
1406,1053,4,"20,180,225","20,180,227","20,180,227",2,7
1407,18,3,"20,180,226","20,180,226",,2,6
1408,1172,4,"20,180,226","20,180,227","20,180,301",2,6
1409,21,4,"20,180,226","20,180,228","20,180,228",3,8
1410,1005,4,"20,180,227","20,180,228","20,180,228",2,7
1411,109,4,"20,180,301","20,180,302","20,180,302",1,2
1412,1043,4,"20,180,301","20,180,302","20,180,304",2,7
1413,56,4,"20,180,301","20,180,303","20,180,304",3,8
1414,293,4,"20,180,303","20,180,305","20,180,306",2,7
1415,839,4,"20,180,303","20,180,304","20,180,305",2,7
1416,566,4,"20,180,303","20,180,304","20,180,306",3,8
1417,300,4,"20,180,304","20,180,306","20,180,307",1,2
1418,364,4,"20,180,304","20,180,305","20,180,307",2,6
1419,474,4,"20,180,304","20,180,307","20,180,307",2,6
1420,838,4,"20,180,304","20,180,305","20,180,307",2,7
1421,1176,4,"20,180,305","20,180,307","20,180,307",2,7
1422,599,4,"20,180,305","20,180,306","20,180,308",3,8
1423,1231,4,"20,180,306","20,180,307","20,180,307",1,2
1424,1445,4,"20,180,307","20,180,310","20,180,310",1,2
1425,126,4,"20,180,307","20,180,309","20,180,309",2,6
1426,938,4,"20,180,307","20,180,308","20,180,310",2,6
1427,999,4,"20,180,307","20,180,308","20,180,308",2,6
1428,195,4,"20,180,308","20,180,310","20,180,311",2,7
1429,1116,4,"20,180,308","20,180,309","20,180,309",2,6
1430,1239,4,"20,180,310","20,180,313","20,180,311",2,7
1431,308,4,"20,180,311","20,180,312","20,180,314",2,6
1432,483,4,"20,180,311","20,180,312","20,180,314",2,6
1433,1142,4,"20,180,311","20,180,313","20,180,312",2,7
1434,595,4,"20,180,314","20,180,316","20,180,316",2,6
1435,744,4,"20,180,314","20,180,315","20,180,316",2,6
1436,1044,4,"20,180,314","20,180,317","20,180,316",2,6
1437,518,4,"20,180,315","20,180,316","20,180,316",1,2
1438,263,4,"20,180,315","20,180,317","20,180,316",2,6
1439,463,4,"20,180,315","20,180,316","20,180,317",2,7
1440,859,4,"20,180,315","20,180,318","20,180,316",3,8
1441,982,4,"20,180,315","20,180,316","20,180,318",3,8
1442,478,4,"20,180,316","20,180,317","20,180,317",2,7
1443,972,4,"20,180,316","20,180,317","20,180,317",2,7
1444,1154,4,"20,180,316","20,180,317","20,180,319",2,6
1445,515,4,"20,180,317","20,180,318","20,180,320",2,7
1446,820,4,"20,180,317","20,180,318","20,180,318",2,6
1447,1419,4,"20,180,318","20,180,320","20,180,320",1,3
1448,228,4,"20,180,318","20,180,319","20,180,321",2,6
1449,330,4,"20,180,318","20,180,319","20,180,320",2,7
1450,296,4,"20,180,319","20,180,320","20,180,322",2,7
1451,822,4,"20,180,319","20,180,322","20,180,320",2,6
1452,287,4,"20,180,320","20,180,323","20,180,323",1,3
1453,601,4,"20,180,320","20,180,323","20,180,322",1,3
1454,395,4,"20,180,320","20,180,321","20,180,322",2,6
1455,405,4,"20,180,320","20,180,322","20,180,321",2,6
1456,754,4,"20,180,320","20,180,321","20,180,323",2,7
1457,1411,4,"20,180,320","20,180,323","20,180,323",2,6
1458,1029,4,"20,180,320","20,180,322","20,180,321",3,8
1459,9,4,"20,180,321","20,180,322","20,180,322",2,7
1460,1131,4,"20,180,321","20,180,323","20,180,323",2,7
1461,139,4,"20,180,322","20,180,325","20,180,323",2,6
1462,1101,4,"20,180,322","20,180,324","20,180,324",2,6
1463,692,4,"20,180,323","20,180,324","20,180,324",2,7
1464,1279,4,"20,180,324","20,180,325","20,180,325",2,7
1465,623,4,"20,180,325","20,180,328","20,180,328",2,7
1466,738,4,"20,180,326","20,180,329","20,180,328",1,3
1467,152,4,"20,180,326","20,180,327","20,180,329",2,7
1468,3,4,"20,180,327","20,180,330","20,180,329",1,2
1469,1135,4,"20,180,327","20,180,328","20,180,330",3,8
1470,505,4,"20,180,328","20,180,331","20,180,331",2,7
1471,1310,4,"20,180,328","20,180,330","20,180,329",2,7
1472,114,4,"20,180,329","20,180,330","20,180,331",2,6
1473,302,4,"20,180,330","20,180,401","20,180,402",1,2
1474,816,4,"20,180,330","20,180,401","20,180,402",1,3
1475,112,4,"20,180,330","20,180,401","20,180,331",2,6
1476,35,4,"20,180,331","20,180,401","20,180,401",2,7
1477,180,4,"20,180,331","20,180,403","20,180,401",2,6
1478,392,4,"20,180,331","20,180,402","20,180,402",2,6
1479,23,2,"20,180,401","20,180,401",,2,7
1480,27,2,"20,180,401","20,180,401",,2,7
1481,62,1,"20,180,401","20,180,401",,2,6
1482,94,1,"20,180,401","20,180,401",,2,7
1483,15,1,"20,180,402","20,180,402",,2,7
1484,35,2,"20,180,402","20,180,402",,2,6
1485,51,2,"20,180,402","20,180,402",,2,7
1486,84,2,"20,180,402","20,180,402",,2,7
1487,33,1,"20,180,403","20,180,403",,1,3
1488,181,2,"20,180,403","20,180,403",,1,3
1489,194,1,"20,180,403","20,180,403",,1,3
1490,217,2,"20,180,403","20,180,403",,1,3
1491,82,1,"20,180,404","20,180,404",,1,3
1492,41,1,"20,180,404","20,180,404",,2,7
1493,64,2,"20,180,404","20,180,404",,3,8
1494,69,2,"20,180,405","20,180,405",,1,3
1495,86,2,"20,180,405","20,180,405",,2,7
1496,3,1,"20,180,406","20,180,406",,1,3
1497,31,2,"20,180,406","20,180,406",,1,2
1498,81,1,"20,180,406","20,180,406",,1,2
1499,120,2,"20,180,406","20,180,406",,1,2
1500,151,2,"20,180,406","20,180,406",,1,3
1501,52,1,"20,180,406","20,180,406",,2,6
1502,83,2,"20,180,406","20,180,406",,2,6
1503,208,2,"20,180,407","20,180,407",,1,3
1504,237,2,"20,180,408","20,180,408",,1,2
1505,22,1,"20,180,408","20,180,408",,2,7
1506,75,1,"20,180,408","20,180,408",,2,7
1507,85,2,"20,180,408","20,180,408",,2,6
1508,92,2,"20,180,408","20,180,408",,2,6
1509,2,1,"20,180,409","20,180,409",,1,3
1510,16,2,"20,180,409","20,180,409",,2,6
1511,25,1,"20,180,409","20,180,409",,2,6
1512,68,1,"20,180,409","20,180,409",,3,9
1513,32,2,"20,180,410","20,180,410",,1,2
1514,87,2,"20,180,410","20,180,410",,1,3
1515,61,1,"20,180,410","20,180,410",,3,9
1516,47,2,"20,180,411","20,180,411",,1,3
1517,97,1,"20,180,411","20,180,411",,1,2
1518,175,1,"20,180,411","20,180,411",,1,2
1519,26,2,"20,180,411","20,180,411",,2,7
1520,66,2,"20,180,411","20,180,411",,3,8
1521,53,1,"20,180,412","20,180,412",,1,3
1522,78,1,"20,180,412","20,180,412",,1,3
1523,8,1,"20,180,412","20,180,412",,2,7
1524,37,1,"20,180,412","20,180,412",,2,6
1525,38,2,"20,180,412","20,180,412",,2,7
1526,59,2,"20,180,412","20,180,412",,2,7
1527,13,2,"20,180,412","20,180,412",,3,9
1528,20,1,"20,180,412","20,180,412",,3,8
1529,50,1,"20,180,412","20,180,412",,3,8
1530,110,1,"20,180,413","20,180,413",,1,2
1531,233,1,"20,180,413","20,180,413",,1,2
1532,7,2,"20,180,413","20,180,413",,2,7
1533,28,2,"20,180,413","20,180,413",,2,6
1534,18,2,"20,180,414","20,180,414",,2,7
1535,19,2,"20,180,414","20,180,414",,2,7
1536,34,2,"20,180,414","20,180,414",,2,7
1537,36,1,"20,180,415","20,180,415",,2,6
1538,79,2,"20,180,415","20,180,415",,2,6
1539,116,1,"20,180,415","20,180,415",,3,9
1540,187,1,"20,180,416","20,180,416",,1,2
1541,10,2,"20,180,416","20,180,416",,2,7
1542,58,2,"20,180,416","20,180,416",,2,6
1543,76,1,"20,180,416","20,180,416",,2,6
1544,5,1,"20,180,417","20,180,417",,1,2
1545,67,1,"20,180,417","20,180,417",,1,3
1546,91,2,"20,180,417","20,180,417",,1,3
1547,169,1,"20,180,417","20,180,417",,1,3
1548,170,1,"20,180,417","20,180,417",,1,2
1549,17,1,"20,180,417","20,180,417",,2,7
1550,39,1,"20,180,417","20,180,417",,2,6
1551,70,1,"20,180,417","20,180,417",,2,7
1552,73,1,"20,180,417","20,180,417",,2,7
1553,30,2,"20,180,418","20,180,418",,1,3
1554,172,1,"20,180,418","20,180,418",,1,3
1555,1,1,"20,180,418","20,180,418",,2,7
1556,4,2,"20,180,418","20,180,418",,2,6
1557,121,2,"20,180,419","20,180,419",,1,3
1558,63,1,"20,180,419","20,180,419",,2,6
1559,42,2,"20,180,420","20,180,420",,2,6
1560,57,1,"20,180,420","20,180,420",,2,7
1561,65,2,"20,180,420","20,180,420",,2,7
1562,88,1,"20,180,420","20,180,420",,2,7
1563,77,2,"20,180,420","20,180,420",,3,9
1564,46,1,"20,180,421","20,180,421",,1,3
1565,60,2,"20,180,421","20,180,421",,1,2
1566,72,1,"20,180,421","20,180,421",,1,3
1567,89,2,"20,180,421","20,180,421",,1,2
1568,192,2,"20,180,421","20,180,421",,1,3
1569,29,2,"20,180,422","20,180,422",,2,7
1570,54,2,"20,180,422","20,180,422",,2,7
1571,80,1,"20,180,422","20,180,422",,2,7
1572,14,1,"20,180,422","20,180,422",,3,9
1573,24,2,"20,180,423","20,180,423",,1,2
1574,124,1,"20,180,423","20,180,423",,1,2
1575,224,2,"20,180,423","20,180,423",,1,3
1576,12,2,"20,180,423","20,180,423",,2,7
1577,48,1,"20,180,423","20,180,423",,2,7
1578,93,2,"20,180,423","20,180,423",,2,7
1579,104,2,"20,180,424","20,180,424",,1,2
1580,191,2,"20,180,424","20,180,424",,1,2
1581,188,2,"20,180,425","20,180,425",,1,2
1582,240,1,"20,180,425","20,180,425",,1,3
1583,44,1,"20,180,425","20,180,425",,2,6
1584,109,2,"20,180,426","20,180,426",,1,3
1585,157,1,"20,180,426","20,180,426",,1,3
1586,176,1,"20,180,426","20,180,426",,1,2
1587,231,2,"20,180,426","20,180,426",,1,2
1588,11,1,"20,180,426","20,180,426",,2,6
1589,40,2,"20,180,427","20,180,427",,1,3
1590,138,1,"20,180,427","20,180,427",,1,3
1591,165,2,"20,180,427","20,180,427",,1,2
1592,6,2,"20,180,427","20,180,427",,2,7
1593,9,1,"20,180,427","20,180,427",,2,6
1594,45,1,"20,180,428","20,180,428",,2,7
1595,71,2,"20,180,428","20,180,428",,2,7
1596,21,2,"20,180,428","20,180,428",,3,8
1597,56,1,"20,180,428","20,180,428",,3,9
1598,239,2,"20,180,429","20,180,429",,1,3
1599,49,1,"20,180,429","20,180,429",,2,7
1600,90,1,"20,180,429","20,180,429",,2,6
1601,43,1,"20,180,429","20,180,429",,3,8
1602,55,1,"20,180,430","20,180,430",,2,6
1603,74,2,"20,180,430","20,180,430",,2,6
1604,7,3,"20,180,617","20,180,617",,2,7
1605,123,3,"20,180,701","20,180,701",,3,8
1606,119,3,"20,180,710","20,180,710",,3,8
1607,33,3,"20,180,711","20,180,711",,1,2
1608,53,3,"20,180,712","20,180,712",,1,2
1609,10,3,"20,180,823","20,180,823",,2,7
1610,15,3,"20,180,825","20,180,825",,2,7
1611,6,3,"20,180,906","20,180,906",,2,7
1612,3,3,"20,181,021","20,181,021",,1,3
1613,1,3,"20,181,118","20,181,118",,2,6
1614,135,3,"20,181,128","20,181,128",,3,8
1615,136,3,"20,181,228","20,181,228",,3,8
